N,X,Y,Z,Time,Jitter,Time Calculated,Sender
0,-1.024,-0.002,0.002,1653088401.340478,0.0,1653088401.340478,20.0
1,-1.024,-0.002,0.002,1653088401.543701,0.003222990036010731,1653088401.540478,20.0
2,-1.024,-0.002,0.002,1653088401.723479,-0.016998910903930686,1653088401.740478,20.0
3,-1.024,-0.002,0.001,1653088401.926317,-0.014160966873169034,1653088401.9404778,20.0
4,-1.025,-0.002,0.002,1653088402.128724,-0.011753845214843794,1653088402.140478,20.0
5,-1.024,-0.002,0.001,1653088402.330177,-0.010300874710083008,1653088402.340478,20.0
6,-1.024,-0.002,0.001,1653088402.532581,-0.00789685249328631,1653088402.540478,20.0
7,-1.024,-0.002,0.001,1653088402.73557,-0.004907989501953258,1653088402.740478,20.0
8,-1.025,-0.002,0.001,1653088402.938674,-0.0018039703369141513,1653088402.9404778,20.0
9,-1.024,-0.002,0.001,1653088403.14101,0.0005321025848388228,1653088403.140478,20.0
10,-1.024,-0.002,0.002,1653088403.342483,0.0020051002502441406,1653088403.340478,20.0
11,-1.025,-0.002,0.001,1653088403.522096,-0.018382024765014826,1653088403.540478,20.0
12,-1.024,-0.002,0.001,1653088403.724921,-0.01555695533752477,1653088403.740478,20.0
13,-1.025,-0.002,0.002,1653088403.927589,-0.012889003753662198,1653088403.9404778,20.0
14,-1.024,-0.002,0.002,1653088404.129984,-0.01049404144287136,1653088404.140478,20.0
15,-1.024,-0.002,0.002,1653088404.332483,-0.007994890213012695,1653088404.340478,20.0
16,-1.024,-0.002,0.001,1653088404.534475,-0.006002855300903498,1653088404.540478,20.0
17,-1.024,-0.002,0.001,1653088404.737495,-0.0029829978942874646,1653088404.740478,20.0
18,-1.024,-0.002,0.002,1653088404.939919,-0.0005589485168457919,1653088404.9404778,20.0
19,-1.024,-0.002,0.002,1653088405.142512,0.0020341396331784445,1653088405.140478,20.0
20,-1.024,-0.002,0.001,1653088405.322369,-0.018108844757080078,1653088405.340478,20.0
21,-1.024,-0.002,0.001,1653088405.526385,-0.014092874526977717,1653088405.540478,20.0
22,-1.024,-0.002,0.002,1653088405.727383,-0.013095045089722035,1653088405.740478,20.0
23,-1.024,-0.002,0.002,1653088405.929952,-0.010526037216187056,1653088405.9404778,20.0
24,-1.024,-0.002,0.002,1653088406.132541,-0.007937002182007546,1653088406.140478,20.0
25,-1.024,-0.002,0.002,1653088406.334785,-0.005692958831787109,1653088406.340478,20.0
26,-1.024,-0.002,0.001,1653088406.538493,-0.0019850254058839667,1653088406.540478,20.0
27,-1.0230000000000001,-0.002,0.002,1653088406.741377,0.0008991718292232775,1653088406.740478,20.0
28,-1.0230000000000001,-0.002,0.002,1653088406.942642,0.0021640300750727093,1653088406.9404778,20.0
29,-1.024,-0.002,0.002,1653088407.12202,-0.018457937240601296,1653088407.140478,20.0
30,-1.0230000000000001,-0.002,0.001,1653088407.32625,-0.014227867126464844,1653088407.340478,20.0
31,-1.024,-0.002,0.001,1653088407.528209,-0.012268972396850764,1653088407.540478,20.0
32,-1.0230000000000001,-0.002,0.002,1653088407.731692,-0.008785867691040394,1653088407.740478,20.0
33,-1.024,-0.002,0.002,1653088407.9332,-0.00727806091308647,1653088407.9404778,20.0
34,-1.024,-0.002,0.002,1653088408.135722,-0.0047560214996345,1653088408.140478,20.0
35,-1.024,-0.002,0.002,1653088408.33866,-0.001817941665649414,1653088408.340478,20.0
36,-1.024,-0.002,0.002,1653088408.541052,0.0005741596221922052,1653088408.540478,20.0
37,-1.024,-0.002,0.002,1653088408.742026,0.0015481472015377307,1653088408.740478,20.0
38,-1.024,-0.002,0.002,1653088408.922531,-0.01794705390930229,1653088408.9404778,20.0
39,-1.024,-0.002,0.002,1653088409.126387,-0.014091062545777078,1653088409.140478,20.0
40,-1.024,-0.002,0.002,1653088409.3276,-0.012877941131591797,1653088409.340478,20.0
41,-1.024,-0.002,0.002,1653088409.530421,-0.010056924819947355,1653088409.540478,20.0
42,-1.024,-0.002,0.001,1653088409.731863,-0.008614921569824574,1653088409.740478,20.0
43,-1.024,-0.002,0.002,1653088409.935026,-0.005452013015746715,1653088409.9404778,20.0
44,-1.024,-0.002,0.002,1653088410.137141,-0.0033369541168219996,1653088410.140478,20.0
45,-1.024,-0.002,0.001,1653088410.340868,0.00039005279541015625,1653088410.340478,20.0
46,-1.024,-0.002,0.002,1653088410.54216,0.001682090759276278,1653088410.540478,20.0
47,-1.024,-0.002,0.002,1653088410.723753,-0.016724967956543324,1653088410.740478,20.0
48,-1.024,-0.002,0.002,1653088410.925367,-0.015110826492310991,1653088410.9404778,20.0
49,-1.024,-0.003,0.001,1653088411.129133,-0.01134495735168528,1653088411.140478,20.0
50,-1.024,-0.002,0.002,1653088411.330926,-0.009552001953125,1653088411.340478,20.0
51,-1.024,-0.002,0.002,1653088411.532941,-0.007536840438843839,1653088411.540478,20.0
52,-1.024,-0.002,0.002,1653088411.735153,-0.005324983596802113,1653088411.740478,20.0
53,-1.024,-0.002,0.002,1653088411.937877,-0.002601003646852007,1653088411.9404778,20.0
54,-1.024,-0.002,0.001,1653088412.140397,-8.087158203196054e-05,1653088412.140478,20.0
55,-1.024,-0.002,0.002,1653088412.342718,0.0022399425506591797,1653088412.340478,20.0
56,-1.024,-0.002,0.001,1653088412.522856,-0.017621946334839933,1653088412.540478,20.0
57,-1.024,-0.002,0.001,1653088412.725241,-0.015236997604370472,1653088412.740478,20.0
58,-1.024,-0.003,0.002,1653088412.928425,-0.01205286979675435,1653088412.9404778,20.0
59,-1.024,-0.002,0.002,1653088413.131491,-0.008986997604370828,1653088413.140478,20.0
60,-1.024,-0.002,0.002,1653088413.332683,-0.007794857025146484,1653088413.340478,20.0
61,-1.0230000000000001,-0.002,0.002,1653088413.535378,-0.005099964141846769,1653088413.540478,20.0
62,-1.0230000000000001,-0.002,0.002,1653088413.737497,-0.0029808521270755506,1653088413.740478,20.0
63,-1.024,-0.002,0.002,1653088413.939859,-0.000619029998780718,1653088413.9404778,20.0
64,-1.024,-0.002,0.001,1653088414.142759,0.002281141281127219,1653088414.140478,20.0
65,-1.024,-0.002,0.001,1653088414.323115,-0.01736283302307129,1653088414.340478,20.0
66,-1.024,-0.002,0.001,1653088414.525478,-0.01500005722046005,1653088414.540478,20.0
67,-1.024,-0.002,0.002,1653088414.727678,-0.0127998828887943,1653088414.740478,20.0
68,-1.024,-0.002,0.001,1653088414.930186,-0.01029191017151021,1653088414.9404778,20.0
69,-1.024,-0.002,0.002,1653088415.132932,-0.007545995712280984,1653088415.140478,20.0
70,-1.024,-0.002,0.002,1653088415.336712,-0.0037660598754882812,1653088415.340478,20.0
71,-1.024,-0.002,0.001,1653088415.537664,-0.0028140068054209877,1653088415.540478,20.0
72,-1.024,-0.003,0.001,1653088415.741215,0.000737047195434215,1653088415.740478,20.0
73,-1.024,-0.002,0.002,1653088415.941456,0.0009781360626206492,1653088415.9404778,20.0
74,-1.024,-0.002,0.002,1653088416.123019,-0.01745896339416575,1653088416.140478,20.0
75,-1.024,-0.002,0.001,1653088416.326712,-0.013766050338745117,1653088416.340478,20.0
76,-1.024,-0.002,0.002,1653088416.527285,-0.013192844390870206,1653088416.540478,20.0
77,-1.024,-0.002,0.001,1653088416.731703,-0.008774900436401722,1653088416.740478,20.0
78,-1.024,-0.003,0.001,1653088416.932608,-0.007870054244996538,1653088416.9404778,20.0
79,-1.024,-0.002,0.002,1653088417.135766,-0.0047119140625007105,1653088417.140478,20.0
80,-1.024,-0.002,0.002,1653088417.337147,-0.0033309459686279297,1653088417.340478,20.0
81,-1.024,-0.002,0.001,1653088417.540199,-0.00027890205383229727,1653088417.540478,20.0
82,-1.024,-0.002,0.002,1653088417.743366,0.0028880596160867356,1653088417.740478,20.0
83,-1.024,-0.002,0.002,1653088417.921848,-0.018629884719850054,1653088417.9404778,20.0
84,-1.024,-0.002,0.002,1653088418.125708,-0.014769840240479226,1653088418.140478,20.0
85,-1.024,-0.002,0.001,1653088418.327963,-0.012514829635620117,1653088418.340478,20.0
86,-1.024,-0.002,0.001,1653088418.529706,-0.010771942138671164,1653088418.540478,20.0
87,-1.024,-0.002,0.001,1653088418.732008,-0.0084699630737326,1653088418.740478,20.0
88,-1.024,-0.002,0.002,1653088418.935158,-0.005319929122926226,1653088418.9404778,20.0
89,-1.024,-0.002,0.002,1653088419.137545,-0.002932834625244851,1653088419.140478,20.0
90,-1.024,-0.002,0.002,1653088419.339251,-0.0012269020080566406,1653088419.340478,20.0
91,-1.025,-0.002,0.001,1653088419.543428,0.0029500007629401637,1653088419.540478,20.0
92,-1.024,-0.002,0.002,1653088419.744895,0.004417037963865056,1653088419.740478,20.0
93,-1.024,-0.002,0.002,1653088419.925438,-0.015040016174317827,1653088419.9404778,20.0
94,-1.024,-0.001,0.002,1653088420.127427,-0.01305084228515696,1653088420.140478,20.0
95,-1.024,-0.002,0.002,1653088420.330932,-0.009546041488647461,1653088420.340478,20.0
96,-1.024,-0.002,0.001,1653088420.533258,-0.007219982147219639,1653088420.540478,20.0
97,-1.024,-0.002,0.002,1653088420.735762,-0.004716062545778499,1653088420.740478,20.0
98,-1.024,-0.002,0.001,1653088420.937787,-0.002690887451173296,1653088420.9404778,20.0
99,-1.024,-0.002,0.002,1653088421.140126,-0.0003519535064704371,1653088421.140478,20.0
100,-1.024,-0.002,0.001,1653088421.342728,0.0022499561309814453,1653088421.340478,20.0
101,-1.024,-0.002,0.001,1653088421.545436,0.00495796203612997,1653088421.540478,20.0
102,-1.024,-0.002,0.002,1653088421.725486,-0.014991903305055843,1653088421.740478,20.0
103,-1.024,-0.003,0.002,1653088421.92816,-0.012317991256715288,1653088421.9404778,20.0
104,-1.024,-0.002,0.001,1653088422.130182,-0.010295915603638406,1653088422.140478,20.0
105,-1.024,-0.003,0.002,1653088422.334702,-0.005775928497314453,1653088422.340478,20.0
106,-1.024,-0.002,0.001,1653088422.534315,-0.006162834167483311,1653088422.540478,20.0
107,-1.024,-0.002,0.002,1653088422.737833,-0.0026449203491232254,1653088422.740478,20.0
108,-1.024,-0.002,0.002,1653088422.941623,0.001145029067991743,1653088422.9404778,20.0
109,-1.024,-0.002,0.001,1653088423.165294,0.024815988540648704,1653088423.140478,20.0
110,-1.024,-0.002,0.001,1653088423.3453,0.0048220157623291016,1653088423.340478,20.0
111,-1.025,-0.002,0.002,1653088423.526317,-0.014161062240603428,1653088423.540478,20.0
112,-1.024,-0.002,0.002,1653088423.728014,-0.012463951110841975,1653088423.740478,20.0
113,-1.024,-0.002,0.001,1653088423.929312,-0.011165952682496538,1653088423.9404778,20.0
114,-1.024,-0.002,0.002,1653088424.131811,-0.00866703987121653,1653088424.140478,20.0
115,-1.024,-0.002,0.002,1653088424.336819,-0.0036590099334716797,1653088424.340478,20.0
116,-1.025,-0.002,0.001,1653088424.538749,-0.0017289638519315531,1653088424.540478,20.0
117,-1.024,-0.002,0.001,1653088424.741213,0.0007351398467996262,1653088424.740478,20.0
118,-1.024,-0.002,0.001,1653088424.94363,0.003152036666868696,1653088424.9404778,20.0
119,-1.024,-0.002,0.002,1653088425.146668,0.006190013885497336,1653088425.140478,20.0
120,-1.024,-0.002,0.002,1653088425.326683,-0.013794898986816406,1653088425.340478,20.0
121,-1.0230000000000001,-0.002,0.002,1653088425.526478,-0.013999891281130772,1653088425.540478,20.0
122,-1.0230000000000001,-0.002,0.002,1653088425.756488,0.016010141372678532,1653088425.740478,20.0
123,-1.025,-0.002,0.002,1653088425.933984,-0.0064939022064223195,1653088425.9404778,20.0
124,-1.024,-0.002,0.002,1653088426.136511,-0.003966856002808328,1653088426.140478,20.0
125,-1.024,-0.002,0.002,1653088426.338983,-0.0014948844909667969,1653088426.340478,20.0
126,-1.024,-0.002,0.002,1653088426.541482,0.0010040283203096578,1653088426.540478,20.0
127,-1.024,-0.002,0.002,1653088426.743195,0.0027171134948709152,1653088426.740478,20.0
128,-1.024,-0.002,0.002,1653088426.946661,0.00618305206298686,1653088426.9404778,20.0
129,-1.025,-0.002,0.001,1653088427.126027,-0.014450836181641336,1653088427.140478,20.0
130,-1.025,-0.002,0.002,1653088427.328779,-0.01169896125793457,1653088427.340478,20.0
131,-1.025,-0.002,0.001,1653088427.531277,-0.009201002120974522,1653088427.540478,20.0
132,-1.025,-0.002,0.002,1653088427.732826,-0.0076519489288351394,1653088427.740478,20.0
133,-1.024,-0.002,0.001,1653088427.935327,-0.005150890350343218,1653088427.9404778,20.0
134,-1.024,-0.002,0.002,1653088428.137187,-0.003290939331055398,1653088428.140478,20.0
135,-1.024,-0.002,0.002,1653088428.342051,0.0015730857849121094,1653088428.340478,20.0
136,-1.024,-0.002,0.002,1653088428.542495,0.002017068862912197,1653088428.540478,20.0
137,-1.024,-0.002,0.001,1653088428.745527,0.005049085617063298,1653088428.740478,20.0
138,-1.024,-0.003,0.002,1653088428.926199,-0.01427898406982564,1653088428.9404778,20.0
139,-1.024,-0.003,0.001,1653088429.127386,-0.01309185028076243,1653088429.140478,20.0
140,-1.025,-0.002,0.001,1653088429.331162,-0.009315967559814453,1653088429.340478,20.0
141,-1.0230000000000001,-0.002,0.002,1653088429.533728,-0.006750059127810459,1653088429.540478,20.0
142,-1.024,-0.002,0.001,1653088429.736221,-0.0042568683624288894,1653088429.740478,20.0
143,-1.025,-0.002,0.002,1653088429.937228,-0.00324997901916646,1653088429.9404778,20.0
144,-1.0230000000000001,-0.002,0.002,1653088430.139255,-0.001222896575928445,1653088430.140478,20.0
145,-1.024,-0.002,0.001,1653088430.344336,0.0038580894470214844,1653088430.340478,20.0
146,-1.024,-0.002,0.002,1653088430.544333,0.003855037689206142,1653088430.540478,20.0
147,-1.0230000000000001,-0.002,0.002,1653088430.724329,-0.016148948669435725,1653088430.740478,20.0
148,-1.024,-0.002,0.002,1653088430.926752,-0.013725852966310015,1653088430.9404778,20.0
149,-1.024,-0.002,0.002,1653088431.130543,-0.00993494987487864,1653088431.140478,20.0
150,-1.024,-0.002,0.001,1653088431.33286,-0.007617950439453125,1653088431.340478,20.0
151,-1.0230000000000001,-0.002,0.002,1653088431.535798,-0.004679870605471592,1653088431.540478,20.0
152,-1.024,-0.002,0.001,1653088431.738077,-0.002401018142702327,1653088431.740478,20.0
153,-1.024,-0.002,0.002,1653088431.939746,-0.0007320404052748586,1653088431.9404778,20.0
154,-1.024,-0.002,0.002,1653088432.142494,0.0020160198211662816,1653088432.140478,20.0
155,-1.0230000000000001,-0.002,0.002,1653088432.344947,0.004469156265258789,1653088432.340478,20.0
156,-1.024,-0.002,0.002,1653088432.52538,-0.015098047256472569,1653088432.540478,20.0
157,-1.024,-0.002,0.002,1653088432.727565,-0.012912893295290218,1653088432.740478,20.0
158,-1.024,-0.002,0.002,1653088432.930058,-0.01041994094848775,1653088432.9404778,20.0
159,-1.024,-0.002,0.001,1653088433.132562,-0.007916021347046609,1653088433.140478,20.0
160,-1.024,-0.002,0.002,1653088433.334966,-0.0055119991302490234,1653088433.340478,20.0
161,-1.024,-0.002,0.001,1653088433.537801,-0.0026769161224393656,1653088433.540478,20.0
162,-1.024,-0.002,0.002,1653088433.740405,-7.286071777201641e-05,1653088433.740478,20.0
163,-1.024,-0.002,0.002,1653088433.943345,0.002867126464842329,1653088433.9404778,20.0
164,-1.024,-0.002,0.002,1653088434.144852,0.004373979568477182,1653088434.140478,20.0
165,-1.024,-0.002,0.001,1653088434.324376,-0.016101837158203125,1653088434.340478,20.0
166,-1.024,-0.002,0.001,1653088434.52837,-0.012108039855959873,1653088434.540478,20.0
167,-1.025,-0.002,0.001,1653088434.73181,-0.008667850494383345,1653088434.740478,20.0
168,-1.024,-0.002,0.001,1653088434.9332,-0.007278060913087359,1653088434.9404778,20.0
169,-1.024,-0.002,0.001,1653088435.137352,-0.0031259536743206695,1653088435.140478,20.0
170,-1.024,-0.002,0.001,1653088435.338179,-0.0022988319396972656,1653088435.340478,20.0
171,-1.024,-0.002,0.001,1653088435.540125,-0.0003530502319364359,1653088435.540478,20.0
172,-1.024,-0.002,0.002,1653088435.7422,0.001721954345704546,1653088435.740478,20.0
173,-1.024,-0.002,0.002,1653088435.945235,0.004757070541380415,1653088435.9404778,20.0
174,-1.024,-0.002,0.002,1653088436.125117,-0.015360879898075552,1653088436.140478,20.0
175,-1.024,-0.002,0.002,1653088436.32769,-0.012788057327270508,1653088436.340478,20.0
176,-1.0230000000000001,-0.002,0.002,1653088436.529985,-0.010492992401125889,1653088436.540478,20.0
177,-1.024,-0.002,0.002,1653088436.732924,-0.0075539588928208445,1653088436.740478,20.0
178,-1.024,-0.002,0.001,1653088436.935671,-0.004806852340699663,1653088436.9404778,20.0
179,-1.024,-0.002,0.001,1653088437.136854,-0.0036240100860638336,1653088437.140478,20.0
180,-1.024,-0.002,0.002,1653088437.339327,-0.0011508464813232422,1653088437.340478,20.0
181,-1.024,-0.002,0.002,1653088437.541827,0.0013490200042696188,1653088437.540478,20.0
182,-1.025,-0.002,0.002,1653088437.74496,0.004482126235963335,1653088437.740478,20.0
183,-1.024,-0.002,0.001,1653088437.926285,-0.014192914962769976,1653088437.9404778,20.0
184,-1.025,-0.002,0.001,1653088438.127598,-0.012879896163944693,1653088438.140478,20.0
185,-1.024,-0.002,0.002,1653088438.330228,-0.010249853134155273,1653088438.340478,20.0
186,-1.024,-0.002,0.001,1653088438.533167,-0.007311058044436436,1653088438.540478,20.0
187,-1.025,-0.002,0.002,1653088438.73597,-0.004507923126219282,1653088438.740478,20.0
188,-1.025,-0.002,0.002,1653088438.938187,-0.0022910594940199758,1653088438.9404778,20.0
189,-1.025,-0.002,0.002,1653088439.140615,0.00013704299926331487,1653088439.140478,20.0
190,-1.024,-0.002,0.001,1653088439.341837,0.0013589859008789062,1653088439.340478,20.0
191,-1.024,-0.002,0.002,1653088439.546292,0.005814123153683681,1653088439.540478,20.0
192,-1.025,-0.002,0.002,1653088439.725351,-0.01512684822083088,1653088439.740478,20.0
193,-1.025,-0.002,0.002,1653088439.927551,-0.012926912307740679,1653088439.9404778,20.0
194,-1.024,-0.002,0.002,1653088440.131653,-0.008824872970585318,1653088440.140478,20.0
195,-1.024,-0.002,0.002,1653088440.332245,-0.008232831954956055,1653088440.340478,20.0
196,-1.024,-0.002,0.001,1653088440.536207,-0.0042709827423124125,1653088440.540478,20.0
197,-1.024,-0.002,0.002,1653088440.738691,-0.0017868518829402547,1653088440.740478,20.0
198,-1.024,-0.002,0.002,1653088440.940346,-0.00013194084167622577,1653088440.9404778,20.0
199,-1.024,-0.002,0.002,1653088441.142437,0.0019590377807574555,1653088441.140478,20.0
200,-1.024,-0.002,0.002,1653088441.34568,0.005202054977416992,1653088441.340478,20.0
201,-1.024,-0.002,0.002,1653088441.526373,-0.014105033874514561,1653088441.540478,20.0
202,-1.024,-0.002,0.002,1653088441.728028,-0.012449884414678536,1653088441.740478,20.0
203,-1.025,-0.002,0.002,1653088441.930425,-0.010053014755250445,1653088441.9404778,20.0
204,-1.024,-0.002,0.002,1653088442.133535,-0.006943035125736685,1653088442.140478,20.0
205,-1.024,-0.002,0.002,1653088442.336174,-0.004303932189941406,1653088442.340478,20.0
206,-1.024,-0.002,0.002,1653088442.538314,-0.002163839340212803,1653088442.540478,20.0
207,-1.025,-0.002,0.002,1653088442.740178,-0.00029983520508380934,1653088442.740478,20.0
208,-1.024,-0.002,0.002,1653088442.942627,0.0021490097045884227,1653088442.9404778,20.0
209,-1.025,-0.002,0.001,1653088443.145529,0.0050510883331256196,1653088443.140478,20.0
210,-1.025,-0.002,0.002,1653088443.324711,-0.01576685905456543,1653088443.340478,20.0
211,-1.025,-0.002,0.002,1653088443.527392,-0.013086032867434483,1653088443.540478,20.0
212,-1.024,-0.002,0.002,1653088443.729139,-0.011338853836065255,1653088443.740478,20.0
213,-1.024,-0.002,0.001,1653088443.93407,-0.0064078330993666555,1653088443.9404778,20.0
214,-1.024,-0.002,0.002,1653088444.13477,-0.005708026885990591,1653088444.140478,20.0
215,-1.024,-0.002,0.002,1653088444.338277,-0.0022008419036865234,1653088444.340478,20.0
216,-1.025,-0.002,0.001,1653088444.54011,-0.0003678321838407328,1653088444.540478,20.0
217,-1.024,-0.002,0.002,1653088444.743429,0.0029510021209659953,1653088444.740478,20.0
218,-1.025,-0.002,0.001,1653088444.946267,0.005788946151731977,1653088444.9404778,20.0
219,-1.024,-0.002,0.001,1653088445.125157,-0.01532082557678649,1653088445.140478,20.0
220,-1.024,-0.002,0.002,1653088445.32796,-0.012517929077148438,1653088445.340478,20.0
221,-1.024,-0.002,0.002,1653088445.530863,-0.009614896774294834,1653088445.540478,20.0
222,-1.024,-0.002,0.002,1653088445.733252,-0.0072258949279842,1653088445.740478,20.0
223,-1.024,-0.002,0.002,1653088445.936892,-0.0035859107971205617,1653088445.9404778,20.0
224,-1.024,-0.002,0.002,1653088446.137529,-0.00294904708862731,1653088446.140478,20.0
225,-1.024,-0.002,0.002,1653088446.339608,-0.0008699893951416016,1653088446.340478,20.0
226,-1.024,-0.002,0.002,1653088446.544078,0.003600168228146572,1653088446.540478,20.0
227,-1.024,-0.002,0.002,1653088446.746547,0.00606904029845623,1653088446.740478,20.0
228,-1.024,-0.002,0.001,1653088446.948437,0.0079590320587144,1653088446.9404778,20.0
229,-1.024,-0.002,0.001,1653088447.127936,-0.012542057037357779,1653088447.140478,20.0
230,-1.025,-0.002,0.001,1653088447.330808,-0.009670019149780273,1653088447.340478,20.0
231,-1.024,-0.002,0.002,1653088447.531932,-0.008545827865603428,1653088447.540478,20.0
232,-1.024,-0.002,0.001,1653088447.735374,-0.005103969573980294,1653088447.740478,20.0
233,-1.024,-0.002,0.001,1653088447.938851,-0.0016268253326430226,1653088447.9404778,20.0
234,-1.024,-0.001,0.002,1653088448.140821,0.00034303665160706487,1653088448.140478,20.0
235,-1.024,-0.002,0.002,1653088448.343415,0.0029370784759521484,1653088448.340478,20.0
236,-1.024,-0.002,0.002,1653088448.546825,0.0063469886779756735,1653088448.540478,20.0
237,-1.024,-0.002,0.001,1653088448.748124,0.007645940780633964,1653088448.740478,20.0
238,-1.024,-0.002,0.002,1653088448.929312,-0.011165952682496538,1653088448.9404778,20.0
239,-1.025,-0.002,0.001,1653088449.12996,-0.010517883300785513,1653088449.140478,20.0
240,-1.024,-0.002,0.002,1653088449.333477,-0.007000923156738281,1653088449.340478,20.0
241,-1.024,-0.002,0.002,1653088449.536295,-0.004183006286623936,1653088449.540478,20.0
242,-1.024,-0.002,0.002,1653088449.738874,-0.0016039848327693562,1653088449.740478,20.0
243,-1.024,-0.003,0.002,1653088449.94144,0.0009621620178208445,1653088449.9404778,20.0
244,-1.024,-0.002,0.002,1653088450.142529,0.0020510673522906586,1653088450.140478,20.0
245,-1.024,-0.002,0.002,1653088450.346611,0.006133079528808594,1653088450.340478,20.0
246,-1.024,-0.002,0.002,1653088450.549265,0.008786964416501064,1653088450.540478,20.0
247,-1.024,-0.003,0.002,1653088450.728856,-0.01162185668945881,1653088450.740478,20.0
248,-1.024,-0.002,0.001,1653088450.93022,-0.010258054733277788,1653088450.9404778,20.0
249,-1.0230000000000001,-0.002,0.002,1653088451.134147,-0.006331014633182974,1653088451.140478,20.0
250,-1.0230000000000001,-0.002,0.002,1653088451.334667,-0.005810976028442383,1653088451.340478,20.0
251,-1.0230000000000001,-0.002,0.002,1653088451.538072,-0.002405834198000889,1653088451.540478,20.0
252,-1.024,-0.002,0.002,1653088451.740446,-3.185272217365309e-05,1653088451.740478,20.0
253,-1.0230000000000001,-0.002,0.002,1653088451.942873,0.002395057678221235,1653088451.9404778,20.0
254,-1.024,-0.002,0.002,1653088452.146301,0.005823087692256479,1653088452.140478,20.0
255,-1.024,-0.002,0.002,1653088452.34884,0.008362054824829102,1653088452.340478,20.0
256,-1.024,-0.002,0.002,1653088452.528383,-0.012094926834109287,1653088452.540478,20.0
257,-1.0230000000000001,-0.002,0.002,1653088452.731467,-0.009010934829717598,1653088452.740478,20.0
258,-1.024,-0.002,0.002,1653088452.932989,-0.007489061355592241,1653088452.9404778,20.0
259,-1.024,-0.002,0.002,1653088453.136263,-0.004215049743656607,1653088453.140478,20.0
260,-1.024,-0.002,0.002,1653088453.339527,-0.0009510517120361328,1653088453.340478,20.0
261,-1.024,-0.002,0.002,1653088453.541215,0.0007369995117159078,1653088453.540478,20.0
262,-1.024,-0.002,0.002,1653088453.743726,0.0032480716705265422,1653088453.740478,20.0
263,-1.024,-0.002,0.001,1653088453.947012,0.00653400421142436,1653088453.9404778,20.0
264,-1.024,-0.002,0.002,1653088454.148192,0.007713985443110971,1653088454.140478,20.0
265,-1.024,-0.002,0.002,1653088454.329371,-0.01110696792602539,1653088454.340478,20.0
266,-1.024,-0.002,0.002,1653088454.531456,-0.009021949768069248,1653088454.540478,20.0
267,-1.024,-0.002,0.002,1653088454.733155,-0.007322931289678536,1653088454.740478,20.0
268,-1.024,-0.002,0.002,1653088454.935469,-0.005009031295777788,1653088454.9404778,20.0
269,-1.024,-0.002,0.002,1653088455.137676,-0.002801942825321646,1653088455.140478,20.0
270,-1.0230000000000001,-0.002,0.002,1653088455.341082,0.0006041526794433594,1653088455.340478,20.0
271,-1.024,-0.002,0.002,1653088455.542224,0.0017459869384737203,1653088455.540478,20.0
272,-1.024,-0.002,0.001,1653088455.746537,0.006059026718133964,1653088455.740478,20.0
273,-1.0230000000000001,-0.002,0.002,1653088455.947584,0.007105970382689009,1653088455.9404778,20.0
274,-1.024,-0.002,0.001,1653088456.128193,-0.012285041809086295,1653088456.140478,20.0
275,-1.024,-0.002,0.002,1653088456.331861,-0.008616924285888672,1653088456.340478,20.0
276,-1.024,-0.002,0.002,1653088456.532516,-0.007961940765383702,1653088456.540478,20.0
277,-1.024,-0.002,0.002,1653088456.73543,-0.0050479412078914265,1653088456.740478,20.0
278,-1.024,-0.002,0.002,1653088456.937534,-0.002943849563600054,1653088456.9404778,20.0
279,-1.024,-0.002,0.002,1653088457.14098,0.0005020618438678071,1653088457.140478,20.0
280,-1.024,-0.002,0.002,1653088457.34464,0.0041620731353759766,1653088457.340478,20.0
281,-1.024,-0.002,0.002,1653088457.545427,0.0049491405487032125,1653088457.540478,20.0
282,-1.024,-0.002,0.002,1653088457.748612,0.008133983612054863,1653088457.740478,20.0
283,-1.024,-0.002,0.001,1653088457.928852,-0.011625862121583452,1653088457.9404778,20.0
284,-1.024,-0.002,0.002,1653088458.132172,-0.008305835723881216,1653088458.140478,20.0
285,-1.024,-0.002,0.002,1653088458.333475,-0.007002830505371094,1653088458.340478,20.0
286,-1.024,-0.002,0.002,1653088458.536274,-0.004203987121584873,1653088458.540478,20.0
287,-1.024,-0.002,0.002,1653088458.739002,-0.0014759540557918172,1653088458.740478,20.0
288,-1.024,-0.002,0.002,1653088458.942107,0.0016290187835679149,1653088458.9404778,20.0
289,-1.024,-0.002,0.002,1653088459.143136,0.0026580810546832367,1653088459.140478,20.0
290,-1.024,-0.002,0.001,1653088459.345642,0.005164146423339844,1653088459.340478,20.0
291,-1.024,-0.002,0.002,1653088459.548313,0.007834959030148525,1653088459.540478,20.0
292,-1.024,-0.002,0.002,1653088459.728075,-0.012402915954595528,1653088459.740478,20.0
293,-1.024,-0.002,0.002,1653088459.929416,-0.011062002182008257,1653088459.9404778,20.0
294,-1.025,-0.002,0.002,1653088460.132935,-0.007542896270756216,1653088460.140478,20.0
295,-1.024,-0.002,0.002,1653088460.335933,-0.004544973373413086,1653088460.340478,20.0
296,-1.024,-0.002,0.002,1653088460.539119,-0.0013589382171659281,1653088460.540478,20.0
297,-1.024,-0.002,0.001,1653088460.740785,0.0003069400787296672,1653088460.740478,20.0
298,-1.024,-0.002,0.002,1653088460.94381,0.003332042694090376,1653088460.9404778,20.0
299,-1.024,-0.002,0.002,1653088461.146726,0.006247949600215463,1653088461.140478,20.0
300,-1.024,-0.002,0.002,1653088461.348849,0.008371114730834961,1653088461.340478,20.0
301,-1.024,-0.002,0.002,1653088461.527882,-0.01259584426880167,1653088461.540478,20.0
302,-1.024,-0.002,0.002,1653088461.730223,-0.010255002975469552,1653088461.740478,20.0
303,-1.024,-0.002,0.002,1653088461.933188,-0.007289981842042437,1653088461.9404778,20.0
304,-1.024,-0.002,0.002,1653088462.136401,-0.004077005386356802,1653088462.140478,20.0
305,-1.025,-0.001,0.002,1653088462.338915,-0.0015628337860107422,1653088462.340478,20.0
306,-1.024,-0.002,0.002,1653088462.541707,0.0012290954589815328,1653088462.540478,20.0
307,-1.024,-0.002,0.002,1653088462.74281,0.002332067489618339,1653088462.740478,20.0
308,-1.024,-0.002,0.002,1653088462.94538,0.004902029037474165,1653088462.9404778,20.0
309,-1.024,-0.002,0.002,1653088463.151106,0.01062817573546937,1653088463.140478,20.0
310,-1.024,-0.002,0.002,1653088463.328486,-0.01199197769165039,1653088463.340478,20.0
311,-1.024,-0.002,0.002,1653088463.53166,-0.008817863464358311,1653088463.540478,20.0
312,-1.025,-0.002,0.002,1653088463.734232,-0.006245994567876778,1653088463.740478,20.0
313,-1.024,-0.002,0.002,1653088463.93641,-0.004067993164063921,1653088463.9404778,20.0
314,-1.025,-0.002,0.002,1653088464.139397,-0.001081037521366568,1653088464.140478,20.0
315,-1.024,-0.002,0.002,1653088464.341858,0.0013799667358398438,1653088464.340478,20.0
316,-1.024,-0.002,0.001,1653088464.541849,0.0013709545135469625,1653088464.540478,20.0
317,-1.024,-0.002,0.002,1653088464.746883,0.006404972076410331,1653088464.740478,20.0
318,-1.024,-0.002,0.002,1653088464.949357,0.008879089355467329,1653088464.9404778,20.0
319,-1.024,-0.002,0.002,1653088465.129118,-0.011359977722172232,1653088465.140478,20.0
320,-1.024,-0.002,0.002,1653088465.353838,0.013360023498535156,1653088465.340478,20.0
321,-1.024,-0.002,0.002,1653088465.532943,-0.007534933090212803,1653088465.540478,20.0
322,-1.024,-0.002,0.002,1653088465.736627,-0.0038508415222224812,1653088465.740478,20.0
323,-1.024,-0.002,0.002,1653088465.939822,-0.0006559848785485656,1653088465.9404778,20.0
324,-1.024,-0.002,0.002,1653088466.140246,-0.00023202896117879845,1653088466.140478,20.0
325,-1.024,-0.002,0.002,1653088466.344465,0.00398707389831543,1653088466.340478,20.0
326,-1.024,-0.002,0.002,1653088466.546961,0.006483125686642666,1653088466.540478,20.0
327,-1.024,-0.002,0.002,1653088466.747731,0.007253026962274589,1653088466.740478,20.0
328,-1.024,-0.002,0.002,1653088466.927804,-0.012673950195321027,1653088466.9404778,20.0
329,-1.024,-0.002,0.002,1653088467.132267,-0.008210945129391689,1653088467.140478,20.0
330,-1.024,-0.002,0.001,1653088467.334768,-0.00570988655090332,1653088467.340478,20.0
331,-1.024,-0.002,0.002,1653088467.534374,-0.006103944778445225,1653088467.540478,20.0
332,-1.024,-0.002,0.001,1653088467.738826,-0.0016519069671687703,1653088467.740478,20.0
333,-1.024,-0.002,0.002,1653088467.940768,0.0002900600433264344,1653088467.9404778,20.0
334,-1.024,-0.002,0.001,1653088468.143652,0.0031740188598661234,1653088468.140478,20.0
335,-1.0230000000000001,-0.002,0.002,1653088468.346252,0.005774021148681641,1653088468.340478,20.0
336,-1.024,-0.002,0.002,1653088468.548842,0.008364009857174892,1653088468.540478,20.0
337,-1.024,-0.002,0.001,1653088468.728922,-0.011556053161626778,1653088468.740478,20.0
338,-1.024,-0.002,0.002,1653088468.931766,-0.008711910247811261,1653088468.9404778,20.0
339,-1.0230000000000001,-0.002,0.001,1653088469.132259,-0.008219051361081142,1653088469.140478,20.0
340,-1.024,-0.002,0.002,1653088469.337215,-0.0032629966735839844,1653088469.340478,20.0
341,-1.024,-0.002,0.002,1653088469.538488,-0.001990032196047764,1653088469.540478,20.0
342,-1.024,-0.002,0.002,1653088469.74137,0.0008920192718449016,1653088469.740478,20.0
343,-1.024,-0.002,0.002,1653088469.944644,0.004166030883780536,1653088469.9404778,20.0
344,-1.024,-0.002,0.001,1653088470.146655,0.006177139282229405,1653088470.140478,20.0
345,-1.024,-0.002,0.002,1653088470.349885,0.00940704345703125,1653088470.340478,20.0
346,-1.024,-0.002,0.001,1653088470.551774,0.011296081542965908,1653088470.540478,20.0
347,-1.024,-0.002,0.002,1653088470.732025,-0.008453035354619942,1653088470.740478,20.0
348,-1.024,-0.002,0.002,1653088470.932983,-0.007495021820076886,1653088470.9404778,20.0
349,-1.024,-0.002,0.002,1653088471.135507,-0.004970836639401455,1653088471.140478,20.0
350,-1.024,-0.002,0.002,1653088471.337961,-0.0025169849395751953,1653088471.340478,20.0
351,-1.024,-0.002,0.001,1653088471.541991,0.0015130519866914938,1653088471.540478,20.0
352,-1.024,-0.002,0.002,1653088471.743482,0.0030041694641056438,1653088471.740478,20.0
353,-1.0230000000000001,-0.002,0.001,1653088471.946876,0.006398105621329364,1653088471.9404778,20.0
354,-1.0230000000000001,-0.002,0.002,1653088472.14768,0.007202100753787022,1653088472.140478,20.0
355,-1.0230000000000001,-0.002,0.002,1653088472.351762,0.011284112930297852,1653088472.340478,20.0
356,-1.0230000000000001,-0.002,0.002,1653088472.530466,-0.010011863708498936,1653088472.540478,20.0
357,-1.0230000000000001,-0.002,0.002,1653088472.733371,-0.00710692405701252,1653088472.740478,20.0
358,-1.024,-0.002,0.002,1653088472.937182,-0.003295993804940167,1653088472.9404778,20.0
359,-1.0230000000000001,-0.002,0.002,1653088473.138064,-0.0024140357971162985,1653088473.140478,20.0
360,-1.0230000000000001,-0.002,0.002,1653088473.341649,0.001171112060546875,1653088473.340478,20.0
361,-1.0230000000000001,-0.002,0.002,1653088473.543024,0.002546119689938564,1653088473.540478,20.0
362,-1.0230000000000001,-0.002,0.002,1653088473.744963,0.0044849872589054485,1653088473.740478,20.0
363,-1.024,-0.002,0.002,1653088473.948156,0.007678174972525653,1653088473.9404778,20.0
364,-1.024,-0.002,0.002,1653088474.150589,0.010111045837405186,1653088474.140478,20.0
365,-1.024,-0.002,0.002,1653088474.331249,-0.009228944778442383,1653088474.340478,20.0
366,-1.024,-0.002,0.002,1653088474.532497,-0.007981014251711827,1653088474.540478,20.0
367,-1.024,-0.002,0.002,1653088474.736755,-0.0037230491638240437,1653088474.740478,20.0
368,-1.024,-0.002,0.002,1653088474.939095,-0.0013829231262292296,1653088474.9404778,20.0
369,-1.024,-0.002,0.002,1653088475.14173,0.0012521266937284281,1653088475.140478,20.0
370,-1.024,-0.002,0.002,1653088475.344124,0.0036461353302001953,1653088475.340478,20.0
371,-1.024,-0.002,0.002,1653088475.54657,0.006092119216916103,1653088475.540478,20.0
372,-1.024,-0.002,0.002,1653088475.749243,0.008765077590936698,1653088475.740478,20.0
373,-1.024,-0.002,0.002,1653088475.951693,0.011215114593497333,1653088475.9404778,20.0
374,-1.024,-0.002,0.002,1653088476.130157,-0.010320949554440517,1653088476.140478,20.0
375,-1.024,-0.002,0.002,1653088476.333668,-0.00680994987487793,1653088476.340478,20.0
376,-1.024,-0.002,0.002,1653088476.5355,-0.004977893829348545,1653088476.540478,20.0
377,-1.024,-0.002,0.002,1653088476.738658,-0.0018199920654353718,1653088476.740478,20.0
378,-1.024,-0.002,0.002,1653088476.940649,0.00017108917235475474,1653088476.9404778,20.0
379,-1.024,-0.002,0.002,1653088477.142818,0.002340030670168858,1653088477.140478,20.0
380,-1.024,-0.002,0.002,1653088477.34577,0.005291938781738281,1653088477.340478,20.0
381,-1.024,-0.003,0.002,1653088477.549465,0.008986997604367275,1653088477.540478,20.0
382,-1.025,-0.002,0.002,1653088477.751241,0.010763025283807792,1653088477.740478,20.0
383,-1.024,-0.002,0.002,1653088477.930484,-0.009993886947640362,1653088477.9404778,20.0
384,-1.024,-0.002,0.002,1653088478.131919,-0.008559036254894181,1653088478.140478,20.0
385,-1.025,-0.002,0.002,1653088478.337302,-0.003175973892211914,1653088478.340478,20.0
386,-1.025,-0.002,0.002,1653088478.539427,-0.0010509014129667094,1653088478.540478,20.0
387,-1.025,-0.002,0.001,1653088478.740298,-0.0001799106597957234,1653088478.740478,20.0
388,-1.025,-0.002,0.002,1653088478.943435,0.0029570102691565125,1653088478.9404778,20.0
389,-1.024,-0.002,0.001,1653088479.145293,0.004815053939807967,1653088479.140478,20.0
390,-1.024,-0.002,0.002,1653088479.348651,0.008172988891601562,1653088479.340478,20.0
391,-1.025,-0.002,0.001,1653088479.551981,0.011503028869626064,1653088479.540478,20.0
392,-1.025,-0.002,0.002,1653088479.73163,-0.00884785652161213,1653088479.740478,20.0
393,-1.024,-0.002,0.002,1653088479.933895,-0.006582832336434308,1653088479.9404778,20.0
394,-1.024,-0.002,0.002,1653088480.135671,-0.004807043075572892,1653088480.140478,20.0
395,-1.024,-0.002,0.002,1653088480.339169,-0.0013089179992675781,1653088480.340478,20.0
396,-1.024,-0.002,0.002,1653088480.542232,0.0017540931701631735,1653088480.540478,20.0
397,-1.025,-0.002,0.002,1653088480.744259,0.003781175613397636,1653088480.740478,20.0
398,-1.024,-0.002,0.002,1653088480.946313,0.0058349609374914735,1653088480.9404778,20.0
399,-1.024,-0.002,0.002,1653088481.148772,0.008294057846057967,1653088481.140478,20.0
400,-1.024,-0.002,0.002,1653088481.351733,0.011255025863647461,1653088481.340478,20.0
401,-1.024,-0.002,0.002,1653088481.530838,-0.009639930725100498,1653088481.540478,20.0
402,-1.024,-0.002,0.002,1653088481.733557,-0.0069209575653133015,1653088481.740478,20.0
403,-1.025,-0.002,0.002,1653088481.935217,-0.005261039733895245,1653088481.9404778,20.0
404,-1.024,-0.002,0.002,1653088482.139318,-0.0011599540710562906,1653088482.140478,20.0
405,-1.025,-0.002,0.001,1653088482.341556,0.0010781288146972656,1653088482.340478,20.0
406,-1.025,-0.002,0.002,1653088482.543836,0.003358173370358486,1653088482.540478,20.0
407,-1.024,-0.002,0.002,1653088482.746002,0.005524015426630058,1653088482.740478,20.0
408,-1.024,-0.002,0.002,1653088482.949062,0.00858416557311159,1653088482.9404778,20.0
409,-1.024,-0.002,0.002,1653088483.150521,0.01004309654234703,1653088483.140478,20.0
410,-1.024,-0.002,0.002,1653088483.332214,-0.008263826370239258,1653088483.340478,20.0
411,-1.024,-0.002,0.002,1653088483.533468,-0.0070099353790311625,1653088483.540478,20.0
412,-1.024,-0.002,0.002,1653088483.736831,-0.0036469936370906453,1653088483.740478,20.0
413,-1.024,-0.002,0.002,1653088483.938073,-0.002405023574837628,1653088483.9404778,20.0
414,-1.024,-0.002,0.002,1653088484.140976,0.0004980087280159751,1653088484.140478,20.0
415,-1.024,-0.002,0.002,1653088484.344589,0.004111051559448242,1653088484.340478,20.0
416,-1.024,-0.002,0.002,1653088484.545416,0.004938173294064541,1653088484.540478,20.0
417,-1.024,-0.002,0.002,1653088484.749176,0.00869808197020916,1653088484.740478,20.0
418,-1.024,-0.002,0.002,1653088484.951696,0.011217975616446552,1653088484.9404778,20.0
419,-1.024,-0.002,0.002,1653088485.13226,-0.008217859268199845,1653088485.140478,20.0
420,-1.024,-0.002,0.001,1653088485.333203,-0.0072748661041259766,1653088485.340478,20.0
421,-1.0230000000000001,-0.002,0.002,1653088485.536767,-0.003710937500002842,1653088485.540478,20.0
422,-1.024,-0.002,0.002,1653088485.73925,-0.0012279987335261922,1653088485.740478,20.0
423,-1.024,-0.002,0.002,1653088485.94189,0.0014120578765783875,1653088485.9404778,20.0
424,-1.024,-0.002,0.002,1653088486.143322,0.00284404754637535,1653088486.140478,20.0
425,-1.024,-0.002,0.002,1653088486.346659,0.006181001663208008,1653088486.340478,20.0
426,-1.024,-0.002,0.002,1653088486.548968,0.008490133285519619,1653088486.540478,20.0
427,-1.024,-0.002,0.002,1653088486.750496,0.01001796722411541,1653088486.740478,20.0
428,-1.024,-0.002,0.002,1653088486.930972,-0.009505844116219464,1653088486.9404778,20.0
429,-1.024,-0.002,0.002,1653088487.134153,-0.0063250541687125406,1653088487.140478,20.0
430,-1.024,-0.002,0.002,1653088487.336804,-0.003674030303955078,1653088487.340478,20.0
431,-1.024,-0.002,0.002,1653088487.539025,-0.0014528751373319437,1653088487.540478,20.0
432,-1.024,-0.002,0.001,1653088487.740855,0.0003770351409855266,1653088487.740478,20.0
433,-1.024,-0.002,0.002,1653088487.942145,0.0016671657562170594,1653088487.9404778,20.0
434,-1.024,-0.002,0.002,1653088488.145381,0.004903030395496444,1653088488.140478,20.0
435,-1.024,-0.002,0.002,1653088488.348958,0.008480072021484375,1653088488.340478,20.0
436,-1.024,-0.002,0.002,1653088488.551283,0.010804939270016689,1653088488.540478,20.0
437,-1.024,-0.002,0.002,1653088488.730578,-0.009899997711187325,1653088488.740478,20.0
438,-1.024,-0.002,0.002,1653088488.933427,-0.007050848007210675,1653088488.9404778,20.0
439,-1.024,-0.002,0.002,1653088489.137431,-0.0030470371246451577,1653088489.140478,20.0
440,-1.024,-0.002,0.001,1653088489.33803,-0.002447843551635742,1653088489.340478,20.0
441,-1.024,-0.002,0.001,1653088489.540729,0.00025110244750692345,1653088489.540478,20.0
442,-1.024,-0.002,0.002,1653088489.744073,0.0035949707031193157,1653088489.740478,20.0
443,-1.024,-0.002,0.002,1653088489.945568,0.005090141296378192,1653088489.9404778,20.0
444,-1.024,-0.002,0.002,1653088490.14808,0.007602167129505233,1653088490.140478,20.0
445,-1.024,-0.002,0.002,1653088490.35061,0.010132074356079102,1653088490.340478,20.0
446,-1.024,-0.002,0.001,1653088490.531751,-0.008727025985720616,1653088490.540478,20.0
447,-1.024,-0.002,0.002,1653088490.734013,-0.0064648628234920125,1653088490.740478,20.0
448,-1.024,-0.002,0.002,1653088490.937504,-0.002973890304573956,1653088490.9404778,20.0
449,-1.024,-0.002,0.001,1653088491.139268,-0.0012100219726676187,1653088491.140478,20.0
450,-1.024,-0.002,0.001,1653088491.340453,-2.5033950805664062e-05,1653088491.340478,20.0
451,-1.024,-0.002,0.002,1653088491.544664,0.004185962676999111,1653088491.540478,20.0
452,-1.024,-0.002,0.002,1653088491.7471,0.006622171401971855,1653088491.740478,20.0
453,-1.024,-0.002,0.002,1653088491.948845,0.008366966247550067,1653088491.9404778,20.0
454,-1.024,-0.002,0.002,1653088492.150674,0.010196161270130233,1653088492.140478,20.0
455,-1.024,-0.002,0.002,1653088492.330789,-0.009688854217529297,1653088492.340478,20.0
456,-1.024,-0.002,0.002,1653088492.533831,-0.006647062301638584,1653088492.540478,20.0
457,-1.024,-0.002,0.001,1653088492.73678,-0.0036980152130183797,1653088492.740478,20.0
458,-1.024,-0.002,0.002,1653088492.939506,-0.0009718894958581359,1653088492.9404778,20.0
459,-1.025,-0.002,0.002,1653088493.142586,0.0021080493926888266,1653088493.140478,20.0
460,-1.024,-0.002,0.002,1653088493.343425,0.002947092056274414,1653088493.340478,20.0
461,-1.024,-0.002,0.002,1653088493.546633,0.006155061721798916,1653088493.540478,20.0
462,-1.024,-0.002,0.002,1653088493.749193,0.00871500968932537,1653088493.740478,20.0
463,-1.024,-0.002,0.002,1653088493.951841,0.011363172531119403,1653088493.9404778,20.0
464,-1.024,-0.002,0.002,1653088494.153404,0.012926054000843124,1653088494.140478,20.0
465,-1.024,-0.002,0.002,1653088494.333134,-0.00734400749206543,1653088494.340478,20.0
466,-1.024,-0.002,0.001,1653088494.536578,-0.0039000034332303812,1653088494.540478,20.0
467,-1.024,-0.002,0.002,1653088494.739638,-0.0008398532867488484,1653088494.740478,20.0
468,-1.024,-0.002,0.002,1653088494.941087,0.000609064102164325,1653088494.9404778,20.0
469,-1.024,-0.003,0.002,1653088495.142577,0.0020989894866829673,1653088495.140478,20.0
470,-1.025,-0.002,0.002,1653088495.345324,0.004846096038818359,1653088495.340478,20.0
471,-1.025,-0.002,0.002,1653088495.547269,0.006791162490841884,1653088495.540478,20.0
472,-1.024,-0.002,0.002,1653088495.752299,0.011821126937860527,1653088495.740478,20.0
473,-1.024,-0.002,0.002,1653088495.952323,0.011845016479483661,1653088495.9404778,20.0
474,-1.024,-0.002,0.001,1653088496.132268,-0.008209991455089494,1653088496.140478,20.0
475,-1.024,-0.002,0.001,1653088496.336889,-0.0035889148712158203,1653088496.340478,20.0
476,-1.024,-0.002,0.002,1653088496.53979,-0.0006880283355741312,1653088496.540478,20.0
477,-1.024,-0.002,0.002,1653088496.74194,0.0014620780944767375,1653088496.740478,20.0
478,-1.024,-0.002,0.002,1653088496.944473,0.003995084762564716,1653088496.9404778,20.0
479,-1.024,-0.002,0.002,1653088497.147303,0.006825160980213241,1653088497.140478,20.0
480,-1.024,-0.002,0.002,1653088497.347426,0.006947994232177734,1653088497.340478,20.0
481,-1.024,-0.002,0.001,1653088497.550525,0.010047006607052822,1653088497.540478,20.0
482,-1.024,-0.002,0.002,1653088497.753154,0.01267609596251873,1653088497.740478,20.0
483,-1.024,-0.002,0.002,1653088497.933408,-0.0070699214935388,1653088497.9404778,20.0
484,-1.024,-0.002,0.002,1653088498.136685,-0.003793048858653947,1653088498.140478,20.0
485,-1.024,-0.002,0.002,1653088498.339463,-0.0010149478912353516,1653088498.340478,20.0
486,-1.024,-0.002,0.002,1653088498.54024,-0.00023789405823038123,1653088498.540478,20.0
487,-1.0230000000000001,-0.002,0.002,1653088498.743815,0.003337001800531425,1653088498.740478,20.0
488,-1.024,-0.002,0.002,1653088498.945516,0.005038166046134052,1653088498.9404778,20.0
489,-1.0230000000000001,-0.002,0.001,1653088499.149608,0.009129953384388045,1653088499.140478,20.0
490,-1.024,-0.002,0.002,1653088499.351796,0.011317968368530273,1653088499.340478,20.0
491,-1.024,-0.002,0.002,1653088499.554031,0.013552951812741298,1653088499.540478,20.0
492,-1.024,-0.002,0.002,1653088499.734977,-0.005500936508184395,1653088499.740478,20.0
493,-1.024,-0.002,0.002,1653088499.93646,-0.004017925262459698,1653088499.9404778,20.0
494,-1.024,-0.002,0.002,1653088500.138856,-0.0016220092773551187,1653088500.140478,20.0
495,-1.024,-0.002,0.002,1653088500.341883,0.0014050006866455078,1653088500.340478,20.0
496,-1.024,-0.002,0.002,1653088500.544319,0.00384097099303915,1653088500.540478,20.0
497,-1.024,-0.002,0.002,1653088500.746471,0.005992984771722831,1653088500.740478,20.0
498,-1.024,-0.002,0.002,1653088500.949364,0.008886003494254169,1653088500.9404778,20.0
499,-1.024,-0.002,0.002,1653088501.15191,0.011432123184192733,1653088501.140478,20.0
500,-1.024,-0.002,0.002,1653088501.353259,0.012781143188476562,1653088501.340478,20.0
501,-1.024,-0.002,0.002,1653088501.532473,-0.008004856109621983,1653088501.540478,20.0
502,-1.024,-0.002,0.002,1653088501.736923,-0.003554964065557442,1653088501.740478,20.0
503,-1.024,-0.002,0.002,1653088501.938848,-0.0016299247741784484,1653088501.9404778,20.0
504,-1.024,-0.002,0.002,1653088502.140422,-5.583763123695462e-05,1653088502.140478,20.0
505,-1.024,-0.002,0.001,1653088502.343432,0.0029540061950683594,1653088502.340478,20.0
506,-1.024,-0.002,0.002,1653088502.546191,0.005713033676144619,1653088502.540478,20.0
507,-1.024,-0.002,0.002,1653088502.750187,0.009708976745599784,1653088502.740478,20.0
508,-1.024,-0.002,0.002,1653088502.95083,0.010352039337149677,1653088502.9404778,20.0
509,-1.024,-0.002,0.002,1653088503.154827,0.01434917449950035,1653088503.140478,20.0
510,-1.024,-0.002,0.002,1653088503.333472,-0.007005929946899414,1653088503.340478,20.0
511,-1.024,-0.001,0.001,1653088503.535612,-0.004865837097170811,1653088503.540478,20.0
512,-1.024,-0.002,0.002,1653088503.740142,-0.0003358364105281453,1653088503.740478,20.0
513,-1.024,-0.002,0.002,1653088503.940104,-0.00037393569947141714,1653088503.9404778,20.0
514,-1.022,-0.002,0.002,1653088504.143088,0.0026101589202767173,1653088504.140478,20.0
515,-1.024,-0.002,0.002,1653088504.347033,0.006555080413818359,1653088504.340478,20.0
516,-1.0230000000000001,-0.002,0.002,1653088504.548339,0.007860946655270595,1653088504.540478,20.0
517,-1.0230000000000001,-0.002,0.002,1653088504.751907,0.011429166793817558,1653088504.740478,20.0
518,-1.0230000000000001,-0.001,0.002,1653088504.954428,0.013950014114371356,1653088504.9404778,20.0
519,-1.024,-0.002,0.002,1653088505.134696,-0.005781936645519181,1653088505.140478,20.0
520,-1.024,-0.002,0.002,1653088505.335966,-0.004511833190917969,1653088505.340478,20.0
521,-1.024,-0.002,0.002,1653088505.538622,-0.001856040954592686,1653088505.540478,20.0
522,-1.024,-0.002,0.001,1653088505.742656,0.0021780490875187297,1653088505.740478,20.0
523,-1.024,-0.002,0.001,1653088505.944106,0.003628158569327411,1653088505.9404778,20.0
524,-1.024,-0.002,0.002,1653088506.146457,0.005979013442981795,1653088506.140478,20.0
525,-1.024,-0.002,0.002,1653088506.34876,0.008281946182250977,1653088506.340478,20.0
526,-1.024,-0.002,0.002,1653088506.552001,0.011523056030270595,1653088506.540478,20.0
527,-1.024,-0.001,0.001,1653088506.754342,0.013864135742181816,1653088506.740478,20.0
528,-1.024,-0.002,0.002,1653088506.932802,-0.007675981521614972,1653088506.9404778,20.0
529,-1.024,-0.002,0.001,1653088507.135907,-0.004571008682262345,1653088507.140478,20.0
530,-1.024,-0.002,0.001,1653088507.338411,-0.0020668506622314453,1653088507.340478,20.0
531,-1.024,-0.002,0.002,1653088507.540935,0.00045709609985067345,1653088507.540478,20.0
532,-1.024,-0.002,0.001,1653088507.743457,0.0029791355132999797,1653088507.740478,20.0
533,-1.024,-0.002,0.002,1653088507.945998,0.005520009994498309,1653088507.9404778,20.0
534,-1.024,-0.002,0.002,1653088508.148347,0.007868957519519881,1653088508.140478,20.0
535,-1.024,-0.002,0.002,1653088508.351833,0.011355161666870117,1653088508.340478,20.0
536,-1.024,-0.002,0.002,1653088508.554255,0.013777065277096767,1653088508.540478,20.0
537,-1.0230000000000001,-0.002,0.002,1653088508.734014,-0.006463909149175606,1653088508.740478,20.0
538,-1.0230000000000001,-0.002,0.001,1653088508.93707,-0.0034080505371179015,1653088508.9404778,20.0
539,-1.024,-0.002,0.002,1653088509.139415,-0.0010629177093619546,1653088509.140478,20.0
540,-1.024,-0.002,0.002,1653088509.340778,0.0003001689910888672,1653088509.340478,20.0
541,-1.024,-0.002,0.001,1653088509.54265,0.0021720409393282125,1653088509.540478,20.0
542,-1.024,-0.002,0.002,1653088509.746922,0.0064440727233829875,1653088509.740478,20.0
543,-1.024,-0.002,0.002,1653088509.949866,0.00938811302184206,1653088509.9404778,20.0
544,-1.024,-0.002,0.002,1653088510.151911,0.011433076858509139,1653088510.140478,20.0
545,-1.024,-0.002,0.002,1653088510.35325,0.012772083282470703,1653088510.340478,20.0
546,-1.024,-0.002,0.001,1653088510.534142,-0.006335926055911045,1653088510.540478,20.0
547,-1.025,-0.002,0.002,1653088510.736677,-0.0038010120391902547,1653088510.740478,20.0
548,-1.024,-0.002,0.002,1653088510.939146,-0.0013319015503014953,1653088510.9404778,20.0
549,-1.024,-0.002,0.002,1653088511.141671,0.0011929988860970298,1653088511.140478,20.0
550,-1.024,-0.002,0.002,1653088511.344666,0.004188060760498047,1653088511.340478,20.0
551,-1.024,-0.002,0.002,1653088511.546082,0.005604076385495205,1653088511.540478,20.0
552,-1.0230000000000001,-0.001,0.001,1653088511.74895,0.008472061157220878,1653088511.740478,20.0
553,-1.024,-0.002,0.001,1653088511.951547,0.011068964004508075,1653088511.9404778,20.0
554,-1.024,-0.001,0.001,1653088512.154348,0.01386995315550621,1653088512.140478,20.0
555,-1.024,-0.002,0.002,1653088512.334374,-0.006103992462158203,1653088512.340478,20.0
556,-1.024,-0.002,0.002,1653088512.536662,-0.0038158416748075297,1653088512.540478,20.0
557,-1.024,-0.001,0.002,1653088512.739608,-0.0008698940277156453,1653088512.740478,20.0
558,-1.025,-0.002,0.001,1653088512.942037,0.0015591621398840516,1653088512.9404778,20.0
559,-1.024,-0.002,0.002,1653088513.143409,0.0029310703277474204,1653088513.140478,20.0
560,-1.025,-0.002,0.002,1653088513.346781,0.006303071975708008,1653088513.340478,20.0
561,-1.024,-0.002,0.001,1653088513.549277,0.008799123764035244,1653088513.540478,20.0
562,-1.025,-0.002,0.001,1653088513.750873,0.010395145416254081,1653088513.740478,20.0
563,-1.024,-0.002,0.001,1653088513.953242,0.012764120101920184,1653088513.9404778,20.0
564,-1.024,-0.002,0.001,1653088514.135154,-0.00532393455506508,1653088514.140478,20.0
565,-1.024,-0.002,0.002,1653088514.335232,-0.00524592399597168,1653088514.340478,20.0
566,-1.025,-0.002,0.001,1653088514.540335,-0.00014300346374795936,1653088514.540478,20.0
567,-1.024,-0.002,0.002,1653088514.742732,0.002254104614252128,1653088514.740478,20.0
568,-1.024,-0.002,0.001,1653088514.943524,0.0030459403991613954,1653088514.9404778,20.0
569,-1.024,-0.002,0.002,1653088515.145844,0.005366039276111678,1653088515.140478,20.0
570,-1.0230000000000001,-0.002,0.002,1653088515.348593,0.008115053176879883,1653088515.340478,20.0
571,-1.024,-0.002,0.002,1653088515.550923,0.010445165634152431,1653088515.540478,20.0
572,-1.024,-0.002,0.002,1653088515.752719,0.012240982055658378,1653088515.740478,20.0
573,-1.024,-0.002,0.002,1653088515.932695,-0.007783031463631573,1653088515.9404778,20.0
574,-1.024,-0.002,0.002,1653088516.137137,-0.0033410072326773843,1653088516.140478,20.0
575,-1.024,-0.002,0.002,1653088516.339317,-0.0011608600616455078,1653088516.340478,20.0
576,-1.024,-0.001,0.001,1653088516.542319,0.0018411159515352438,1653088516.540478,20.0
577,-1.024,-0.002,0.001,1653088516.745202,0.004724121093744316,1653088516.740478,20.0
578,-1.024,-0.002,0.001,1653088516.947013,0.006534957885733661,1653088516.9404778,20.0
579,-1.024,-0.002,0.002,1653088517.149081,0.008603048324573592,1653088517.140478,20.0
580,-1.024,-0.002,0.002,1653088517.352574,0.012096166610717773,1653088517.340478,20.0
581,-1.024,-0.002,0.002,1653088517.552671,0.012193012237545986,1653088517.540478,20.0
582,-1.024,-0.002,0.002,1653088517.732905,-0.007573032379156075,1653088517.740478,20.0
583,-1.025,-0.002,0.002,1653088517.93565,-0.004827833175667706,1653088517.9404778,20.0
584,-1.024,-0.002,0.002,1653088518.139494,-0.0009840011596793374,1653088518.140478,20.0
585,-1.024,-0.002,0.002,1653088518.341441,0.0009629726409912109,1653088518.340478,20.0
586,-1.024,-0.002,0.002,1653088518.545116,0.0046380043029756735,1653088518.540478,20.0
587,-1.025,-0.002,0.002,1653088518.748634,0.008156156539911308,1653088518.740478,20.0
588,-1.024,-0.002,0.002,1653088518.948884,0.008406066894522723,1653088518.9404778,20.0
589,-1.025,-0.002,0.001,1653088519.150948,0.010470104217517928,1653088519.140478,20.0
590,-1.024,-0.002,0.002,1653088519.353675,0.013196945190429688,1653088519.340478,20.0
591,-1.025,-0.002,0.001,1653088519.534555,-0.005922985076907139,1653088519.540478,20.0
592,-1.024,-0.003,0.002,1653088519.73652,-0.003957891464239083,1653088519.740478,20.0
593,-1.025,-0.002,0.001,1653088519.940052,-0.00042591094971555776,1653088519.9404778,20.0
594,-1.025,-0.002,0.001,1653088520.139927,-0.0005510330200308999,1653088520.140478,20.0
595,-1.024,-0.002,0.002,1653088520.344056,0.0035779476165771484,1653088520.340478,20.0
596,-1.025,-0.002,0.001,1653088520.546593,0.006115007400509853,1653088520.540478,20.0
597,-1.024,-0.002,0.001,1653088520.75007,0.009592151641840019,1653088520.740478,20.0
598,-1.025,-0.002,0.002,1653088520.952659,0.012180948257437763,1653088520.9404778,20.0
599,-1.024,-0.002,0.001,1653088521.153694,0.013215970993030624,1653088521.140478,20.0
600,-1.025,-0.002,0.001,1653088521.356625,0.016147136688232422,1653088521.340478,20.0
601,-1.024,-0.002,0.002,1653088521.537803,-0.002675008773806553,1653088521.540478,20.0
602,-1.024,-0.002,0.002,1653088521.737909,-0.0025688648223933797,1653088521.740478,20.0
603,-1.025,-0.002,0.002,1653088521.942592,0.0021139621734533875,1653088521.9404778,20.0
604,-1.024,-0.002,0.002,1653088522.143521,0.0030431270599251548,1653088522.140478,20.0
605,-1.024,-0.002,0.002,1653088522.347378,0.00690007209777832,1653088522.340478,20.0
606,-1.025,-0.002,0.002,1653088522.550236,0.009758043289181728,1653088522.540478,20.0
607,-1.025,-0.002,0.002,1653088522.752236,0.011757946014398613,1653088522.740478,20.0
608,-1.024,-0.002,0.002,1653088522.953121,0.01264300346373659,1653088522.9404778,20.0
609,-1.025,-0.002,0.002,1653088523.157213,0.016735029220569686,1653088523.140478,20.0
610,-1.024,-0.002,0.001,1653088523.338088,-0.0023899078369140625,1653088523.340478,20.0
611,-1.025,-0.002,0.002,1653088523.53898,-0.001497936248782139,1653088523.540478,20.0
612,-1.025,-0.002,0.001,1653088523.74151,0.0010319709777775188,1653088523.740478,20.0
613,-1.024,-0.002,0.002,1653088523.942775,0.0022970676422033875,1653088523.9404778,20.0
614,-1.024,-0.002,0.002,1653088524.145779,0.005300951004016952,1653088524.140478,20.0
615,-1.024,-0.002,0.002,1653088524.348775,0.008296966552734375,1653088524.340478,20.0
616,-1.024,-0.002,0.002,1653088524.552339,0.011861133575436611,1653088524.540478,20.0
617,-1.024,-0.002,0.002,1653088524.755256,0.014777994155878105,1653088524.740478,20.0
618,-1.024,-0.002,0.002,1653088524.956882,0.01640405654906374,1653088524.9404778,20.0
619,-1.024,-0.002,0.002,1653088525.134933,-0.005544948577892228,1653088525.140478,20.0
620,-1.024,-0.002,0.002,1653088525.339245,-0.0012328624725341797,1653088525.340478,20.0
621,-1.0230000000000001,-0.002,0.002,1653088525.542332,0.0018539905548067281,1653088525.540478,20.0
622,-1.024,-0.002,0.002,1653088525.745131,0.00465307235717205,1653088525.740478,20.0
623,-1.024,-0.002,0.002,1653088525.946422,0.005944156646719989,1653088525.9404778,20.0
624,-1.024,-0.002,0.001,1653088526.149646,0.009168100357044295,1653088526.140478,20.0
625,-1.024,-0.002,0.002,1653088526.352298,0.011820077896118164,1653088526.340478,20.0
626,-1.024,-0.002,0.002,1653088526.554254,0.013776111602780361,1653088526.540478,20.0
627,-1.024,-0.002,0.002,1653088526.756741,0.016263103485101738,1653088526.740478,20.0
628,-1.024,-0.002,0.002,1653088526.93674,-0.003738021850594464,1653088526.9404778,20.0
629,-1.024,-0.002,0.001,1653088527.13944,-0.0010378837585562906,1653088527.140478,20.0
630,-1.024,-0.002,0.002,1653088527.34225,0.001772165298461914,1653088527.340478,20.0
631,-1.024,-0.002,0.002,1653088527.545308,0.004830169677731533,1653088527.540478,20.0
632,-1.024,-0.002,0.002,1653088527.745699,0.005220985412591972,1653088527.740478,20.0
633,-1.024,-0.002,0.002,1653088527.948197,0.00771894454955202,1653088527.9404778,20.0
634,-1.024,-0.002,0.001,1653088528.150692,0.01021404266356285,1653088528.140478,20.0
635,-1.0230000000000001,-0.002,0.002,1653088528.353192,0.012714147567749023,1653088528.340478,20.0
636,-1.024,-0.002,0.002,1653088528.557119,0.016640949249264736,1653088528.540478,20.0
637,-1.024,-0.002,0.002,1653088528.735458,-0.005020046234136544,1653088528.740478,20.0
638,-1.024,-0.002,0.002,1653088528.938945,-0.0015328884124841125,1653088528.9404778,20.0
639,-1.024,-0.002,0.001,1653088529.140704,0.00022597312926109225,1653088529.140478,20.0
640,-1.024,-0.002,0.002,1653088529.345243,0.004765033721923828,1653088529.340478,20.0
641,-1.024,-0.002,0.002,1653088529.546099,0.005621004104597205,1653088529.540478,20.0
642,-1.024,-0.002,0.002,1653088529.749142,0.008663988113397636,1653088529.740478,20.0
643,-1.024,-0.002,0.002,1653088529.951288,0.010810041427617989,1653088529.9404778,20.0
644,-1.024,-0.002,0.001,1653088530.153108,0.012629938125598983,1653088530.140478,20.0
645,-1.024,-0.002,0.002,1653088530.355977,0.015499114990234375,1653088530.340478,20.0
646,-1.0230000000000001,-0.002,0.002,1653088530.537246,-0.003231954574602014,1653088530.540478,20.0
647,-1.024,-0.002,0.002,1653088530.739749,-0.0007289886474666218,1653088530.740478,20.0
648,-1.024,-0.002,0.002,1653088530.94256,0.002082014083867989,1653088530.9404778,20.0
649,-1.024,-0.002,0.002,1653088531.143599,0.0031210899352913657,1653088531.140478,20.0
650,-1.024,-0.002,0.002,1653088531.347209,0.0067310333251953125,1653088531.340478,20.0
651,-1.024,-0.002,0.002,1653088531.550361,0.009882974624616736,1653088531.540478,20.0
652,-1.024,-0.002,0.002,1653088531.752296,0.011818027496332206,1653088531.740478,20.0
653,-1.024,-0.002,0.001,1653088531.955172,0.014694118499761544,1653088531.9404778,20.0
654,-1.024,-0.002,0.002,1653088532.15632,0.015842151641834334,1653088532.140478,20.0
655,-1.024,-0.002,0.002,1653088532.336347,-0.004130840301513672,1653088532.340478,20.0
656,-1.024,-0.002,0.001,1653088532.538847,-0.0016309738159350218,1653088532.540478,20.0
657,-1.024,-0.002,0.001,1653088532.742148,0.0016699790954533,1653088532.740478,20.0
658,-1.024,-0.002,0.002,1653088532.944644,0.004166030883794747,1653088532.9404778,20.0
659,-1.0230000000000001,-0.002,0.001,1653088533.147196,0.006718111038196639,1653088533.140478,20.0
660,-1.024,-0.002,0.001,1653088533.348857,0.008378982543945312,1653088533.340478,20.0
661,-1.024,-0.002,0.002,1653088533.552302,0.011823940277082556,1653088533.540478,20.0
662,-1.024,-0.002,0.002,1653088533.754584,0.014106130599969902,1653088533.740478,20.0
663,-1.024,-0.002,0.002,1653088533.956712,0.016234064102178536,1653088533.9404778,20.0
664,-1.024,-0.002,0.002,1653088534.137184,-0.0032940387725943765,1653088534.140478,20.0
665,-1.024,-0.002,0.002,1653088534.340253,-0.00022482872009277344,1653088534.340478,20.0
666,-1.024,-0.002,0.002,1653088534.541734,0.0012560367584057985,1653088534.540478,20.0
667,-1.024,-0.002,0.002,1653088534.744237,0.0037590026855411907,1653088534.740478,20.0
668,-1.024,-0.002,0.002,1653088534.945839,0.005360984802251778,1653088534.9404778,20.0
669,-1.024,-0.002,0.002,1653088535.148592,0.008114051818836288,1653088535.140478,20.0
670,-1.024,-0.002,0.002,1653088535.350791,0.010313034057617188,1653088535.340478,20.0
671,-1.024,-0.003,0.002,1653088535.55344,0.012962150573713416,1653088535.540478,20.0
672,-1.024,-0.001,0.002,1653088535.757819,0.0173409938812199,1653088535.740478,20.0
673,-1.025,-0.002,0.002,1653088535.937163,-0.0033148288726749797,1653088535.9404778,20.0
674,-1.024,-0.002,0.002,1653088536.139616,-0.0008619308471793374,1653088536.140478,20.0
675,-1.025,-0.002,0.002,1653088536.341194,0.0007159709930419922,1653088536.340478,20.0
676,-1.024,-0.002,0.002,1653088536.544947,0.004468965530378455,1653088536.540478,20.0
677,-1.024,-0.002,0.002,1653088536.746172,0.005694007873529472,1653088536.740478,20.0
678,-1.025,-0.002,0.002,1653088536.95034,0.009862089157110177,1653088536.9404778,20.0
679,-1.024,-0.002,0.001,1653088537.152566,0.012088012695301131,1653088537.140478,20.0
680,-1.024,-0.002,0.001,1653088537.355076,0.01459813117980957,1653088537.340478,20.0
681,-1.025,-0.002,0.002,1653088537.557301,0.01682310104368412,1653088537.540478,20.0
682,-1.024,-0.002,0.002,1653088537.737595,-0.0028828620910701375,1653088537.740478,20.0
683,-1.025,-0.002,0.002,1653088537.938461,-0.0020168781280460735,1653088537.9404778,20.0
684,-1.025,-0.002,0.002,1653088538.142688,0.0022100925445442954,1653088538.140478,20.0
685,-1.024,-0.002,0.002,1653088538.343852,0.0033740997314453125,1653088538.340478,20.0
686,-1.025,-0.002,0.001,1653088538.545674,0.00519614219663822,1653088538.540478,20.0
687,-1.025,-0.002,0.002,1653088538.747978,0.007500028610223808,1653088538.740478,20.0
688,-1.024,-0.002,0.002,1653088538.951396,0.010918045043950997,1653088538.9404778,20.0
689,-1.025,-0.002,0.002,1653088539.154935,0.014456939697254256,1653088539.140478,20.0
690,-1.025,-0.002,0.002,1653088539.356265,0.015787124633789062,1653088539.340478,20.0
691,-1.024,-0.002,0.002,1653088539.537246,-0.003231954574602014,1653088539.540478,20.0
692,-1.024,-0.002,0.002,1653088539.73925,-0.0012279987335261922,1653088539.740478,20.0
693,-1.024,-0.002,0.002,1653088539.942843,0.0023650169372615437,1653088539.9404778,20.0
694,-1.024,-0.002,0.002,1653088540.144985,0.0045070171356087485,1653088540.140478,20.0
695,-1.025,-0.002,0.001,1653088540.346583,0.006104946136474609,1653088540.340478,20.0
696,-1.024,-0.002,0.002,1653088540.548718,0.008240032196027869,1653088540.540478,20.0
697,-1.024,-0.002,0.002,1653088540.75236,0.011882162094110527,1653088540.740478,20.0
698,-1.024,-0.002,0.002,1653088540.953161,0.012683057785039864,1653088540.9404778,20.0
699,-1.024,-0.002,0.002,1653088541.155657,0.015179109573352889,1653088541.140478,20.0
700,-1.024,-0.002,0.002,1653088541.338164,-0.002313852310180664,1653088541.340478,20.0
701,-1.024,-0.002,0.002,1653088541.538624,-0.0018538951873949827,1653088541.540478,20.0
702,-1.024,-0.002,0.002,1653088541.741515,0.0010369777679386516,1653088541.740478,20.0
703,-1.024,-0.002,0.002,1653088541.943814,0.0033360958099422078,1653088541.9404778,20.0
704,-1.024,-0.002,0.002,1653088542.146954,0.006476116180408553,1653088542.140478,20.0
705,-1.025,-0.002,0.001,1653088542.349453,0.008975028991699219,1653088542.340478,20.0
706,-1.024,-0.002,0.002,1653088542.551521,0.01104311943052494,1653088542.540478,20.0
707,-1.024,-0.002,0.002,1653088542.753596,0.013118124008173027,1653088542.740478,20.0
708,-1.024,-0.002,0.002,1653088542.956185,0.015707159042364083,1653088542.9404778,20.0
709,-1.024,-0.002,0.002,1653088543.13815,-0.0023279666900748452,1653088543.140478,20.0
710,-1.024,-0.002,0.002,1653088543.339812,-0.0006659030914306641,1653088543.340478,20.0
711,-1.024,-0.002,0.002,1653088543.542549,0.002070951461774939,1653088543.540478,20.0
712,-1.024,-0.002,0.002,1653088543.745562,0.005084133148187675,1653088543.740478,20.0
713,-1.024,-0.002,0.001,1653088543.94601,0.0055321693420467,1653088543.9404778,20.0
714,-1.024,-0.002,0.002,1653088544.148623,0.00814504623411949,1653088544.140478,20.0
715,-1.024,-0.002,0.002,1653088544.350867,0.010389089584350586,1653088544.340478,20.0
716,-1.024,-0.002,0.002,1653088544.554804,0.014326143264753455,1653088544.540478,20.0
717,-1.024,-0.002,0.002,1653088544.757478,0.017000055313104667,1653088544.740478,20.0
718,-1.024,-0.002,0.001,1653088544.936787,-0.0036910533904972453,1653088544.9404778,20.0
719,-1.024,-0.002,0.002,1653088545.140115,-0.0003629207611197671,1653088545.140478,20.0
720,-1.024,-0.002,0.002,1653088545.342551,0.002073049545288086,1653088545.340478,20.0
721,-1.024,-0.002,0.002,1653088545.544855,0.004377174377424353,1653088545.540478,20.0
722,-1.024,-0.002,0.002,1653088545.746874,0.0063961505889835735,1653088545.740478,20.0
723,-1.024,-0.002,0.002,1653088545.950025,0.009547138214117012,1653088545.9404778,20.0
724,-1.024,-0.002,0.002,1653088546.15031,0.009832096099842147,1653088546.140478,20.0
725,-1.024,-0.002,0.001,1653088546.352812,0.012334108352661133,1653088546.340478,20.0
726,-1.024,-0.002,0.002,1653088546.557591,0.01711301803587162,1653088546.540478,20.0
727,-1.024,-0.002,0.001,1653088546.759453,0.01897511482238201,1653088546.740478,20.0
728,-1.024,-0.002,0.002,1653088546.939405,-0.0010729789733829875,1653088546.9404778,20.0
729,-1.024,-0.002,0.002,1653088547.141753,0.0012750148773079673,1653088547.140478,20.0
730,-1.024,-0.002,0.002,1653088547.344316,0.003838062286376953,1653088547.340478,20.0
731,-1.024,-0.002,0.002,1653088547.547294,0.006815958023054236,1653088547.540478,20.0
732,-1.024,-0.002,0.002,1653088547.748735,0.008257007598871269,1653088547.740478,20.0
733,-1.024,-0.002,0.002,1653088547.951558,0.01108016967774006,1653088547.9404778,20.0
734,-1.024,-0.002,0.002,1653088548.15549,0.015011978149402694,1653088548.140478,20.0
735,-1.024,-0.002,0.002,1653088548.357406,0.01692795753479004,1653088548.340478,20.0
736,-1.024,-0.002,0.002,1653088548.559062,0.01858406066892826,1653088548.540478,20.0
737,-1.024,-0.002,0.002,1653088548.739996,-0.0004819869995174031,1653088548.740478,20.0
738,-1.024,-0.002,0.002,1653088548.94234,0.0018619537353572468,1653088548.9404778,20.0
739,-1.024,-0.002,0.001,1653088549.143289,0.0028111457824593344,1653088549.140478,20.0
740,-1.025,-0.002,0.002,1653088549.346065,0.005587100982666016,1653088549.340478,20.0
741,-1.024,-0.002,0.002,1653088549.550174,0.009696054458601111,1653088549.540478,20.0
742,-1.024,-0.002,0.001,1653088549.751241,0.010763025283807792,1653088549.740478,20.0
743,-1.024,-0.002,0.002,1653088549.953303,0.012825155258184395,1653088549.9404778,20.0
744,-1.024,-0.002,0.002,1653088550.157458,0.016980123519886092,1653088550.140478,20.0
745,-1.024,-0.002,0.001,1653088550.359952,0.019474029541015625,1653088550.340478,20.0
746,-1.024,-0.002,0.002,1653088550.539942,-0.0005359172821215452,1653088550.540478,20.0
747,-1.024,-0.002,0.002,1653088550.742342,0.001864051818841972,1653088550.740478,20.0
748,-1.024,-0.002,0.001,1653088550.944753,0.004274988174444161,1653088550.9404778,20.0
749,-1.024,-0.002,0.002,1653088551.145908,0.0054301738738899985,1653088551.140478,20.0
750,-1.024,-0.002,0.001,1653088551.350183,0.009705066680908203,1653088551.340478,20.0
751,-1.024,-0.002,0.001,1653088551.551975,0.011497068405134314,1653088551.540478,20.0
752,-1.024,-0.002,0.002,1653088551.753552,0.013074016571039238,1653088551.740478,20.0
753,-1.024,-0.002,0.001,1653088551.955651,0.015173101425176583,1653088551.9404778,20.0
754,-1.024,-0.002,0.001,1653088552.157798,0.01732010841368492,1653088552.140478,20.0
755,-1.024,-0.002,0.002,1653088552.338154,-0.0023238658905029297,1653088552.340478,20.0
756,-1.024,-0.002,0.002,1653088552.542846,0.002368021011335486,1653088552.540478,20.0
757,-1.024,-0.002,0.002,1653088552.745654,0.005176162719720878,1653088552.740478,20.0
758,-1.024,-0.001,0.001,1653088552.946266,0.0057879924774226765,1653088552.9404778,20.0
759,-1.024,-0.002,0.002,1653088553.148107,0.0076291084289437094,1653088553.140478,20.0
760,-1.024,-0.002,0.002,1653088553.352823,0.012345075607299805,1653088553.340478,20.0
761,-1.024,-0.003,0.002,1653088553.554629,0.014151144027692908,1653088553.540478,20.0
762,-1.026,-0.002,0.001,1653088553.757229,0.016751146316522636,1653088553.740478,20.0
763,-1.025,-0.002,0.001,1653088553.959608,0.019130134582525216,1653088553.9404778,20.0
764,-1.025,-0.002,0.001,1653088554.140138,-0.0003400325775260171,1653088554.140478,20.0
765,-1.025,-0.001,0.001,1653088554.342946,0.002468109130859375,1653088554.340478,20.0
766,-1.024,-0.002,0.001,1653088554.543413,0.0029349803924390017,1653088554.540478,20.0
767,-1.024,-0.002,0.002,1653088554.747434,0.006955957412714042,1653088554.740478,20.0
768,-1.024,-0.002,0.002,1653088554.949732,0.00925412178037277,1653088554.9404778,20.0
769,-1.024,-0.002,0.001,1653088555.15145,0.010971975326526717,1653088555.140478,20.0
770,-1.024,-0.002,0.002,1653088555.354614,0.014136075973510742,1653088555.340478,20.0
771,-1.024,-0.002,0.002,1653088555.557731,0.017252969741804236,1653088555.540478,20.0
772,-1.024,-0.002,0.002,1653088555.75935,0.018872117996210136,1653088555.740478,20.0
773,-1.0230000000000001,-0.002,0.002,1653088555.940457,-2.083778383621393e-05,1653088555.9404778,20.0
774,-1.024,-0.002,0.002,1653088556.142561,0.0020830154418831626,1653088556.140478,20.0
775,-1.024,-0.002,0.001,1653088556.345377,0.004899024963378906,1653088556.340478,20.0
776,-1.024,-0.002,0.002,1653088556.547523,0.007045078277570838,1653088556.540478,20.0
777,-1.024,-0.002,0.001,1653088556.749659,0.009181118011468925,1653088556.740478,20.0
778,-1.024,-0.002,0.002,1653088556.952336,0.011858129501320036,1653088556.9404778,20.0
779,-1.024,-0.002,0.002,1653088557.154621,0.014142942428577499,1653088557.140478,20.0
780,-1.024,-0.002,0.001,1653088557.358022,0.017544031143188477,1653088557.340478,20.0
781,-1.024,-0.002,0.002,1653088557.560327,0.01984910964964115,1653088557.540478,20.0
782,-1.024,-0.002,0.001,1653088557.739549,-0.0009290218353328328,1653088557.740478,20.0
783,-1.024,-0.002,0.002,1653088557.941583,0.0011049747466813642,1653088557.9404778,20.0
784,-1.024,-0.002,0.002,1653088558.144237,0.003759098052967147,1653088558.140478,20.0
785,-1.024,-0.002,0.001,1653088558.347467,0.006989002227783203,1653088558.340478,20.0
786,-1.024,-0.002,0.002,1653088558.549482,0.009004163742048377,1653088558.540478,20.0
787,-1.024,-0.002,0.001,1653088558.75036,0.009882068634027519,1653088558.740478,20.0
788,-1.024,-0.002,0.002,1653088558.95536,0.014881992340065153,1653088558.9404778,20.0
789,-1.024,-0.002,0.002,1653088559.15739,0.016912174224842147,1653088559.140478,20.0
790,-1.024,-0.002,0.002,1653088559.360313,0.01983499526977539,1653088559.340478,20.0
791,-1.024,-0.002,0.001,1653088559.53982,-0.0006579875946215452,1653088559.540478,20.0
792,-1.024,-0.002,0.002,1653088559.741788,0.0013099670410099407,1653088559.740478,20.0
793,-1.024,-0.002,0.002,1653088559.943281,0.0028029918670426923,1653088559.9404778,20.0
794,-1.024,-0.002,0.001,1653088560.148046,0.0075680732726937094,1653088560.140478,20.0
795,-1.024,-0.002,0.002,1653088560.348649,0.00817108154296875,1653088560.340478,20.0
796,-1.024,-0.002,0.001,1653088560.55247,0.011992025375349158,1653088560.540478,20.0
797,-1.024,-0.002,0.001,1653088560.753742,0.013264036178583183,1653088560.740478,20.0
798,-1.024,-0.002,0.002,1653088560.957691,0.01721301078794113,1653088560.9404778,20.0
799,-1.024,-0.002,0.002,1653088561.159425,0.018947076797473983,1653088561.140478,20.0
800,-1.024,-0.002,0.002,1653088561.338934,-0.0015439987182617188,1653088561.340478,20.0
801,-1.025,-0.002,0.001,1653088561.542653,0.002175140380842322,1653088561.540478,20.0
802,-1.024,-0.002,0.001,1653088561.743278,0.0028000831603947063,1653088561.740478,20.0
803,-1.024,-0.002,0.002,1653088561.947527,0.007048988342262419,1653088561.9404778,20.0
804,-1.024,-0.001,0.002,1653088562.148953,0.008475017547596053,1653088562.140478,20.0
805,-1.024,-0.002,0.001,1653088562.35185,0.011372089385986328,1653088562.340478,20.0
806,-1.024,-0.002,0.002,1653088562.553922,0.013443994522077674,1653088562.540478,20.0
807,-1.024,-0.002,0.002,1653088562.756156,0.015678024291986503,1653088562.740478,20.0
808,-1.024,-0.002,0.002,1653088562.960652,0.020174169540382536,1653088562.9404778,20.0
809,-1.024,-0.002,0.002,1653088563.140048,-0.0004299163818473062,1653088563.140478,20.0
810,-1.024,-0.002,0.002,1653088563.342596,0.0021181106567382812,1653088563.340478,20.0
811,-1.024,-0.002,0.001,1653088563.544973,0.004494953155500525,1653088563.540478,20.0
812,-1.024,-0.002,0.001,1653088563.747434,0.006955957412714042,1653088563.740478,20.0
813,-1.024,-0.002,0.001,1653088563.948184,0.007706069946266325,1653088563.9404778,20.0
814,-1.024,-0.002,0.002,1653088564.152484,0.012005996704090194,1653088564.140478,20.0
815,-1.024,-0.002,0.002,1653088564.353081,0.012603044509887695,1653088564.340478,20.0
816,-1.024,-0.001,0.001,1653088564.55775,0.01727204322813236,1653088564.540478,20.0
817,-1.024,-0.002,0.002,1653088564.760659,0.020181035995477714,1653088564.740478,20.0
818,-1.024,-0.002,0.002,1653088564.937912,-0.0025659561157453936,1653088564.9404778,20.0
819,-1.024,-0.002,0.001,1653088565.142003,0.0015251159667855063,1653088565.140478,20.0
820,-1.024,-0.002,0.002,1653088565.345199,0.004721164703369141,1653088565.340478,20.0
821,-1.024,-0.002,0.002,1653088565.547568,0.007090139389021033,1653088565.540478,20.0
822,-1.024,-0.002,0.002,1653088565.74867,0.008192157745355644,1653088565.740478,20.0
823,-1.025,-0.002,0.002,1653088565.951938,0.011459970474220427,1653088565.9404778,20.0
824,-1.025,-0.002,0.002,1653088566.153742,0.013264131546009139,1653088566.140478,20.0
825,-1.0230000000000001,-0.002,0.002,1653088566.356899,0.016421079635620117,1653088566.340478,20.0
826,-1.0230000000000001,-0.002,0.002,1653088566.560067,0.019588994979841345,1653088566.540478,20.0
827,-1.025,-0.002,0.001,1653088566.738974,-0.0015038490295467,1653088566.740478,20.0
828,-1.024,-0.002,0.001,1653088566.943036,0.0025581359863053876,1653088566.9404778,20.0
829,-1.024,-0.002,0.002,1653088567.143555,0.0030769824981575766,1653088567.140478,20.0
830,-1.024,-0.002,0.001,1653088567.34754,0.007061958312988281,1653088567.340478,20.0
831,-1.024,-0.002,0.001,1653088567.549425,0.008946943283064002,1653088567.540478,20.0
832,-1.024,-0.002,0.002,1653088567.752894,0.012415981292718925,1653088567.740478,20.0
833,-1.024,-0.002,0.002,1653088567.955461,0.014983081817604216,1653088567.9404778,20.0
834,-1.024,-0.002,0.002,1653088568.157631,0.017152976989734725,1653088568.140478,20.0
835,-1.0230000000000001,-0.002,0.002,1653088568.359975,0.019497156143188477,1653088568.340478,20.0
836,-1.024,-0.002,0.002,1653088568.54046,-1.78337097338499e-05,1653088568.540478,20.0
837,-1.024,-0.002,0.002,1653088568.742957,0.002479171752924003,1653088568.740478,20.0
838,-1.024,-0.002,0.002,1653088568.945194,0.00471606254575363,1653088568.9404778,20.0
839,-1.0230000000000001,-0.002,0.001,1653088569.147564,0.00708599090575035,1653088569.140478,20.0
840,-1.024,-0.002,0.002,1653088569.349788,0.009310007095336914,1653088569.340478,20.0
841,-1.024,-0.002,0.002,1653088569.552664,0.01218609809873783,1653088569.540478,20.0
842,-1.024,-0.002,0.002,1653088569.755107,0.014628982543939628,1653088569.740478,20.0
843,-1.025,-0.002,0.002,1653088569.957108,0.01663007736203781,1653088569.9404778,20.0
844,-1.024,-0.002,0.002,1653088570.160385,0.019906949996936874,1653088570.140478,20.0
845,-1.025,-0.002,0.002,1653088570.339104,-0.0013740062713623047,1653088570.340478,20.0
846,-1.024,-0.002,0.002,1653088570.542535,0.0020571231841870485,1653088570.540478,20.0
847,-1.024,-0.002,0.002,1653088570.743692,0.0032139778137150188,1653088570.740478,20.0
848,-1.024,-0.002,0.002,1653088570.946393,0.005915069580055388,1653088570.9404778,20.0
849,-1.024,-0.002,0.002,1653088571.150573,0.01009507179259117,1653088571.140478,20.0
850,-1.024,-0.002,0.002,1653088571.353007,0.012529134750366211,1653088571.340478,20.0
851,-1.024,-0.002,0.002,1653088571.555539,0.01506094932554447,1653088571.540478,20.0
852,-1.024,-0.002,0.002,1653088571.758076,0.017598009109491386,1653088571.740478,20.0
853,-1.024,-0.002,0.002,1653088571.960164,0.019686126708961638,1653088571.9404778,20.0
854,-1.024,-0.002,0.002,1653088572.140556,7.81536102181235e-05,1653088572.140478,20.0
855,-1.024,-0.002,0.002,1653088572.342841,0.002362966537475586,1653088572.340478,20.0
856,-1.024,-0.002,0.001,1653088572.543752,0.0032740116119214235,1653088572.540478,20.0
857,-1.024,-0.002,0.002,1653088572.747576,0.0070980548858585735,1653088572.740478,20.0
858,-1.024,-0.002,0.002,1653088572.950007,0.009529018402076872,1653088572.9404778,20.0
859,-1.024,-0.002,0.002,1653088573.153387,0.012909126281726913,1653088573.140478,20.0
860,-1.024,-0.002,0.002,1653088573.35549,0.015012025833129883,1653088573.340478,20.0
861,-1.024,-0.002,0.002,1653088573.558098,0.017620134353620642,1653088573.540478,20.0
862,-1.024,-0.003,0.002,1653088573.760205,0.01972708702086834,1653088573.740478,20.0
863,-1.024,-0.002,0.001,1653088573.962443,0.021965169906593474,1653088573.9404778,20.0
864,-1.025,-0.002,0.002,1653088574.142441,0.0019630908965950766,1653088574.140478,20.0
865,-1.024,-0.002,0.002,1653088574.344944,0.004466056823730469,1653088574.340478,20.0
866,-1.024,-0.002,0.001,1653088574.547836,0.007358121871931189,1653088574.540478,20.0
867,-1.024,-0.002,0.002,1653088574.74999,0.009512042999261894,1653088574.740478,20.0
868,-1.024,-0.002,0.002,1653088574.952509,0.012030982971168669,1653088574.9404778,20.0
869,-1.024,-0.002,0.001,1653088575.155155,0.014677000045764999,1653088575.140478,20.0
870,-1.024,-0.002,0.002,1653088575.35795,0.017472028732299805,1653088575.340478,20.0
871,-1.024,-0.002,0.002,1653088575.560087,0.019609022140485877,1653088575.540478,20.0
872,-1.024,-0.002,0.002,1653088575.778528,0.03805003166198162,1653088575.740478,20.0
873,-1.024,-0.002,0.001,1653088575.943513,0.0030349731445085126,1653088575.9404778,20.0
874,-1.025,-0.002,0.002,1653088576.143541,0.003063154220569686,1653088576.140478,20.0
875,-1.024,-0.002,0.002,1653088576.346043,0.005565166473388672,1653088576.340478,20.0
876,-1.025,-0.002,0.002,1653088576.54859,0.00811200141905033,1653088576.540478,20.0
877,-1.025,-0.002,0.001,1653088576.751391,0.010912990570062675,1653088576.740478,20.0
878,-1.025,-0.002,0.002,1653088576.953894,0.013415956497169645,1653088576.9404778,20.0
879,-1.024,-0.002,0.002,1653088577.15639,0.015912008285511092,1653088577.140478,20.0
880,-1.025,-0.002,0.001,1653088577.358893,0.018414974212646484,1653088577.340478,20.0
881,-1.024,-0.002,0.002,1653088577.561392,0.02091412544248783,1653088577.540478,20.0
882,-1.025,-0.002,0.002,1653088577.780318,0.03984007835387615,1653088577.740478,20.0
883,-1.024,-0.002,0.002,1653088578.580145,0.6396669387817155,1653088577.9404778,20.0
884,-1.024,-0.002,0.002,1653088578.580145,0.4396669387817269,1653088578.140478,20.0
885,-1.024,-0.002,0.002,1653088578.582691,0.24221301078796387,1653088578.340478,20.0
886,-1.024,-0.003,0.002,1653088578.582691,0.042213010787946814,1653088578.540478,20.0
887,-1.024,-0.002,0.002,1653088578.754365,0.013887023925775566,1653088578.740478,20.0
888,-1.024,-0.002,0.002,1653088578.958576,0.01809802055356613,1653088578.9404778,20.0
889,-1.024,-0.002,0.002,1653088579.158983,0.018505048751819686,1653088579.140478,20.0
890,-1.024,-0.002,0.002,1653088579.362738,0.022259950637817383,1653088579.340478,20.0
891,-1.024,-0.002,0.002,1653088579.542885,0.0024071216583081423,1653088579.540478,20.0
892,-1.024,-0.002,0.002,1653088579.743471,0.0029929637908878703,1653088579.740478,20.0
893,-1.024,-0.002,0.002,1653088579.946926,0.006448173522926481,1653088579.9404778,20.0
894,-1.024,-0.002,0.002,1653088580.150983,0.010505151748645858,1653088580.140478,20.0
895,-1.024,-0.002,0.002,1653088580.352836,0.012357950210571289,1653088580.340478,20.0
896,-1.024,-0.002,0.002,1653088580.55524,0.014761972427351111,1653088580.540478,20.0
897,-1.024,-0.002,0.002,1653088580.757917,0.017438983917230644,1653088580.740478,20.0
898,-1.024,-0.002,0.001,1653088580.960577,0.020099067687965544,1653088580.9404778,20.0
899,-1.024,-0.002,0.001,1653088581.162795,0.02231712341307457,1653088581.140478,20.0
900,-1.024,-0.002,0.001,1653088581.34262,0.0021419525146484375,1653088581.340478,20.0
901,-1.024,-0.002,0.001,1653088581.545348,0.004869985580427283,1653088581.540478,20.0
902,-1.024,-0.002,0.002,1653088581.74591,0.005431985855096855,1653088581.740478,20.0
903,-1.024,-0.002,0.002,1653088581.950491,0.010013008117653044,1653088581.9404778,20.0
904,-1.025,-0.002,0.002,1653088582.152945,0.012467098236072616,1653088582.140478,20.0
905,-1.024,-0.002,0.001,1653088582.354878,0.014400005340576172,1653088582.340478,20.0
906,-1.024,-0.002,0.001,1653088582.556054,0.015576171874982947,1653088582.540478,20.0
907,-1.024,-0.002,0.002,1653088582.759014,0.018535947799676933,1653088582.740478,20.0
908,-1.024,-0.002,0.001,1653088582.961862,0.021384143829322966,1653088582.9404778,20.0
909,-1.024,-0.002,0.002,1653088583.142162,0.0016841411590462485,1653088583.140478,20.0
910,-1.024,-0.002,0.002,1653088583.762655,0.4221770763397217,1653088583.340478,20.0
911,-1.024,-0.002,0.001,1653088583.765156,0.22467808723448002,1653088583.540478,20.0
912,-1.025,-0.002,0.002,1653088583.766261,0.025783157348627128,1653088583.740478,20.0
913,-1.025,-0.003,0.002,1653088583.952328,0.011850023269630583,1653088583.9404778,20.0
914,-1.024,-0.002,0.002,1653088584.154777,0.014299106597889022,1653088584.140478,20.0
915,-1.025,-0.002,0.002,1653088584.355828,0.015350103378295898,1653088584.340478,20.0
916,-1.025,-0.002,0.002,1653088584.559041,0.018563079833967322,1653088584.540478,20.0
917,-1.025,-0.002,0.002,1653088584.859038,0.11856017112731365,1653088584.740478,20.0
918,-1.024,-0.002,0.002,1653088584.941747,0.0012690067291032392,1653088584.9404778,20.0
919,-1.024,-0.002,0.002,1653088585.145339,0.004861068725574569,1653088585.140478,20.0
920,-1.024,-0.002,0.002,1653088585.480047,0.13956904411315918,1653088585.340478,20.0
921,-1.024,-0.002,0.002,1653088585.550232,0.00975399017332279,1653088585.540478,20.0
922,-1.024,-0.002,0.001,1653088585.751455,0.010977125167840995,1653088585.740478,20.0
923,-1.025,-0.002,0.001,1653088586.323198,0.3827201366424333,1653088585.9404778,20.0
924,-1.024,-0.002,0.002,1653088586.325698,0.18521995544432457,1653088586.140478,20.0
925,-1.024,-0.002,0.002,1653088586.3582,0.017722129821777344,1653088586.340478,20.0
926,-1.024,-0.002,0.002,1653088586.563103,0.022625017166120642,1653088586.540478,20.0
927,-1.024,-0.002,0.002,1653088587.057688,0.3172100543975773,1653088586.740478,20.0
928,-1.024,-0.002,0.002,1653088587.057688,0.11721005439756027,1653088586.9404778,20.0
929,-1.024,-0.002,0.002,1653088587.147728,0.007250022888172225,1653088587.140478,20.0
930,-1.024,-0.002,0.002,1653088587.34895,0.008471965789794922,1653088587.340478,20.0
931,-1.024,-0.002,0.001,1653088587.552966,0.01248817443845951,1653088587.540478,20.0
932,-1.024,-0.002,0.002,1653088587.876084,0.13560614585875896,1653088587.740478,20.0
933,-1.024,-0.002,0.002,1653088587.956085,0.015607023239113005,1653088587.9404778,20.0
934,-1.024,-0.002,0.002,1653088588.158877,0.01839895248411949,1653088588.140478,20.0
935,-1.024,-0.002,0.002,1653088588.375626,0.03514814376831055,1653088588.340478,20.0
936,-1.024,-0.002,0.002,1653088588.543127,0.0026491165160962282,1653088588.540478,20.0
937,-1.024,-0.002,0.001,1653088589.18256,0.4420820236205998,1653088588.740478,20.0
938,-1.025,-0.002,0.002,1653088589.185104,0.2446259498595964,1653088588.9404778,20.0
939,-1.024,-0.002,0.002,1653088589.185104,0.04462594985960777,1653088589.140478,20.0
940,-1.025,-0.002,0.002,1653088589.35271,0.012232065200805664,1653088589.340478,20.0
941,-1.024,-0.002,0.001,1653088589.555042,0.014564085006696814,1653088589.540478,20.0
942,-1.024,-0.002,0.002,1653088589.812803,0.07232508659362225,1653088589.740478,20.0
943,-1.024,-0.002,0.002,1653088589.960663,0.020185136795021208,1653088589.9404778,20.0
944,-1.024,-0.002,0.002,1653088590.161075,0.020597171783435897,1653088590.140478,20.0
945,-1.025,-0.002,0.002,1653088590.342562,0.002084016799926758,1653088590.340478,20.0
946,-1.024,-0.002,0.002,1653088590.726012,0.18553404808042728,1653088590.540478,20.0
947,-1.024,-0.002,0.002,1653088590.746016,0.00553808212279705,1653088590.740478,20.0
948,-1.024,-0.002,0.002,1653088590.94985,0.009372138977028044,1653088590.9404778,20.0
949,-1.024,-0.002,0.002,1653088591.153434,0.01295609474180992,1653088591.140478,20.0
950,-1.024,-0.002,0.002,1653088591.635291,0.2948131561279297,1653088591.340478,20.0
951,-1.024,-0.002,0.002,1653088591.635291,0.09481315612791263,1653088591.540478,20.0
952,-1.024,-0.002,0.002,1653088591.760026,0.019548034667963066,1653088591.740478,20.0
953,-1.024,-0.002,0.002,1653088591.963569,0.02309098243711105,1653088591.9404778,20.0
954,-1.024,-0.002,0.002,1653088592.435995,0.2955171585082894,1653088592.140478,20.0
955,-1.024,-0.002,0.002,1653088592.435995,0.09551715850830078,1653088592.340478,20.0
956,-1.024,-0.002,0.002,1653088592.54868,0.00820212364195072,1653088592.540478,20.0
957,-1.025,-0.002,0.002,1653088592.749578,0.009100055694574394,1653088592.740478,20.0
958,-1.024,-0.002,0.002,1653088592.952081,0.011603021621681364,1653088592.9404778,20.0
959,-1.024,-0.002,0.002,1653088593.234504,0.09402604103087242,1653088593.140478,20.0
960,-1.024,-0.002,0.001,1653088593.355957,0.015479087829589844,1653088593.340478,20.0
961,-1.025,-0.002,0.002,1653088593.560578,0.020100164413435095,1653088593.540478,20.0
962,-1.025,-0.002,0.001,1653088593.763084,0.022605991363519706,1653088593.740478,20.0
963,-1.025,-0.002,0.002,1653088594.184578,0.24409999847409836,1653088593.9404778,20.0
964,-1.025,-0.002,0.002,1653088594.184578,0.044099998474109725,1653088594.140478,20.0
965,-1.024,-0.002,0.002,1653088594.348159,0.007681131362915039,1653088594.340478,20.0
966,-1.025,-0.002,0.002,1653088594.549981,0.009503173828107947,1653088594.540478,20.0
967,-1.024,-0.002,0.002,1653088594.994749,0.25427112579345135,1653088594.740478,20.0
968,-1.024,-0.002,0.001,1653088594.994749,0.054271125793434294,1653088594.9404778,20.0
969,-1.024,-0.002,0.002,1653088595.156471,0.015993070602405624,1653088595.140478,20.0
970,-1.024,-0.002,0.002,1653088595.661063,0.3205850124359131,1653088595.340478,20.0
971,-1.024,-0.002,0.001,1653088595.663609,0.12313108444212162,1653088595.540478,20.0
972,-1.024,-0.002,0.001,1653088595.741532,0.001054143905633964,1653088595.740478,20.0
973,-1.024,-0.002,0.001,1653088595.944475,0.003996992111183317,1653088595.9404778,20.0
974,-1.024,-0.002,0.002,1653088596.937009,0.7965311527252084,1653088596.140478,20.0
975,-1.024,-0.002,0.001,1653088596.939508,0.5990300178527832,1653088596.340478,20.0
976,-1.024,-0.002,0.002,1653088596.939508,0.39903001785276615,1653088596.540478,20.0
977,-1.024,-0.002,0.002,1653088596.939508,0.19903001785277752,1653088596.740478,20.0
978,-1.024,-0.002,0.002,1653088596.957027,0.016549015045143278,1653088596.9404778,20.0
979,-1.024,-0.002,0.002,1653088597.158566,0.018088054656971053,1653088597.140478,20.0
980,-1.024,-0.002,0.002,1653088597.362228,0.02174997329711914,1653088597.340478,20.0
981,-1.024,-0.002,0.002,1653088597.565567,0.02508907318113529,1653088597.540478,20.0
982,-1.024,-0.002,0.002,1653088598.489443,0.7489651203155461,1653088597.740478,20.0
983,-1.024,-0.002,0.002,1653088598.489443,0.548965120315529,1653088597.9404778,20.0
984,-1.024,-0.002,0.002,1653088598.491943,0.35146493911742027,1653088598.140478,20.0
985,-1.024,-0.002,0.002,1653088598.491943,0.15146493911743164,1653088598.340478,20.0
986,-1.024,-0.002,0.002,1653088598.554446,0.013968038558942908,1653088598.540478,20.0
987,-1.024,-0.002,0.001,1653088598.758533,0.01805505752562908,1653088598.740478,20.0
988,-1.024,-0.002,0.002,1653088598.960336,0.019858026504493864,1653088598.9404778,20.0
989,-1.024,-0.002,0.002,1653088599.162883,0.022405099868763045,1653088599.140478,20.0
990,-1.024,-0.002,0.002,1653088599.667706,0.3272280693054199,1653088599.340478,20.0
991,-1.0230000000000001,-0.002,0.002,1653088599.667706,0.12722806930540287,1653088599.540478,20.0
992,-1.024,-0.002,0.002,1653088599.747758,0.007279968261713066,1653088599.740478,20.0
993,-1.024,-0.002,0.002,1653088599.949809,0.009331130981422575,1653088599.9404778,20.0
994,-1.024,-0.002,0.002,1653088600.152234,0.011756134033191756,1653088600.140478,20.0
995,-1.024,-0.002,0.001,1653088600.354152,0.013674020767211914,1653088600.340478,20.0
996,-1.024,-0.002,0.002,1653088600.557917,0.017439174652082556,1653088600.540478,20.0
997,-1.024,-0.002,0.002,1653088600.760079,0.019600963592523613,1653088600.740478,20.0
998,-1.024,-0.002,0.002,1653088600.96327,0.022792005538917692,1653088600.9404778,20.0
999,-1.024,-0.002,0.002,1653088601.165121,0.024643135070789413,1653088601.140478,20.0
1000,-1.024,-0.002,0.002,1653088601.34521,0.0047321319580078125,1653088601.340478,20.0
1001,-1.024,-0.002,0.002,1653088602.074014,0.5335360050201245,1653088601.540478,20.0
1002,-1.024,-0.002,0.002,1653088602.074014,0.3335360050201359,1653088601.740478,20.0
1003,-1.024,-0.002,0.002,1653088602.076516,0.13603796958921066,1653088601.9404778,20.0
1004,-1.024,-0.002,0.002,1653088602.154015,0.013537120819080428,1653088602.140478,20.0
1005,-1.024,-0.002,0.002,1653088602.356514,0.016036033630371094,1653088602.340478,20.0
1006,-1.024,-0.002,0.002,1653088602.559469,0.018991041183454627,1653088602.540478,20.0
1007,-1.024,-0.002,0.002,1653088602.76303,0.022552108764642753,1653088602.740478,20.0
1008,-1.024,-0.002,0.002,1653088602.965315,0.024837160110450895,1653088602.9404778,20.0
1009,-1.024,-0.002,0.002,1653088603.145668,0.005190086364734725,1653088603.140478,20.0
1010,-1.024,-0.002,0.002,1653088603.347756,0.007277965545654297,1653088603.340478,20.0
1011,-1.024,-0.002,0.002,1653088604.090699,0.5502210140228101,1653088603.540478,20.0
1012,-1.024,-0.002,0.001,1653088604.090699,0.35022101402282146,1653088603.740478,20.0
1013,-1.024,-0.002,0.002,1653088604.090699,0.1502210140228044,1653088603.9404778,20.0
1014,-1.024,-0.002,0.001,1653088604.158207,0.0177289962768441,1653088604.140478,20.0
1015,-1.024,-0.002,0.002,1653088604.358715,0.01823711395263672,1653088604.340478,20.0
1016,-1.024,-0.002,0.001,1653088604.562867,0.022388982772810095,1653088604.540478,20.0
1017,-1.024,-0.002,0.002,1653088605.013533,0.27305517196654705,1653088604.740478,20.0
1018,-1.024,-0.002,0.002,1653088605.016057,0.07557907104489914,1653088604.9404778,20.0
1019,-1.024,-0.002,0.002,1653088605.14853,0.008052062988269881,1653088605.140478,20.0
1020,-1.024,-0.003,0.001,1653088605.349348,0.008870124816894531,1653088605.340478,20.0
1021,-1.024,-0.002,0.002,1653088605.552229,0.011750984191877478,1653088605.540478,20.0
1022,-1.025,-0.002,0.002,1653088605.755531,0.015053129196161308,1653088605.740478,20.0
1023,-1.024,-0.002,0.002,1653088606.287492,0.3470140933990251,1653088605.9404778,20.0
1024,-1.024,-0.002,0.002,1653088606.289993,0.14951510429381187,1653088606.140478,20.0
1025,-1.024,-0.002,0.002,1653088606.362548,0.02207016944885254,1653088606.340478,20.0
1026,-1.024,-0.002,0.002,1653088606.566044,0.025566148757917517,1653088606.540478,20.0
1027,-1.024,-0.002,0.002,1653088606.743943,0.003465032577508964,1653088606.740478,20.0
1028,-1.024,-0.002,0.001,1653088607.400204,0.4597259998321306,1653088606.9404778,20.0
1029,-1.024,-0.002,0.002,1653088607.402705,0.26222701072691734,1653088607.140478,20.0
1030,-1.024,-0.002,0.002,1653088607.402705,0.06222701072692871,1653088607.340478,20.0
1031,-1.024,-0.002,0.002,1653088607.555163,0.014684963226301306,1653088607.540478,20.0
1032,-1.024,-0.002,0.002,1653088607.758246,0.0177680015563908,1653088607.740478,20.0
1033,-1.024,-0.002,0.002,1653088607.960472,0.019994163513160856,1653088607.9404778,20.0
1034,-1.024,-0.002,0.002,1653088608.50304,0.3625621318817025,1653088608.140478,20.0
1035,-1.024,-0.002,0.002,1653088608.505499,0.16502094268798828,1653088608.340478,20.0
1036,-1.024,-0.002,0.002,1653088608.544337,0.003859090805036658,1653088608.540478,20.0
1037,-1.024,-0.001,0.002,1653088608.748018,0.00754008293151287,1653088608.740478,20.0
1038,-1.025,-0.002,0.001,1653088608.950211,0.00973310470578781,1653088608.9404778,20.0
1039,-1.024,-0.002,0.002,1653088609.151815,0.01133699417113121,1653088609.140478,20.0
1040,-1.024,-0.002,0.001,1653088609.803273,0.4627950191497803,1653088609.340478,20.0
1041,-1.024,-0.002,0.001,1653088609.805776,0.2652979373931714,1653088609.540478,20.0
1042,-1.024,-0.002,0.002,1653088609.805776,0.06529793739318279,1653088609.740478,20.0
1043,-1.024,-0.002,0.001,1653088609.963236,0.02275815010068527,1653088609.9404778,20.0
1044,-1.024,-0.002,0.002,1653088610.1661,0.025622081756580428,1653088610.140478,20.0
1045,-1.024,-0.002,0.002,1653088610.344063,0.0035851001739501953,1653088610.340478,20.0
1046,-1.024,-0.002,0.002,1653088610.833422,0.2929440021514722,1653088610.540478,20.0
1047,-1.024,-0.002,0.002,1653088610.833422,0.09294400215148357,1653088610.740478,20.0
1048,-1.025,-0.002,0.002,1653088610.951161,0.010682964324928435,1653088610.9404778,20.0
1049,-1.024,-0.002,0.002,1653088611.155518,0.015040111541736678,1653088611.140478,20.0
1050,-1.025,-0.002,0.001,1653088611.358056,0.017578125,1653088611.340478,20.0
1051,-1.024,-0.002,0.002,1653088611.821562,0.2810841083526441,1653088611.540478,20.0
1052,-1.024,-0.002,0.001,1653088611.824065,0.08358702659606365,1653088611.740478,20.0
1053,-1.024,-0.002,0.002,1653088611.965736,0.025257968902565153,1653088611.9404778,20.0
1054,-1.024,-0.002,0.001,1653088612.144386,0.0039081096649056235,1653088612.140478,20.0
1055,-1.024,-0.002,0.002,1653088612.347924,0.0074460506439208984,1653088612.340478,20.0
1056,-1.024,-0.002,0.002,1653088612.550136,0.009658145904523963,1653088612.540478,20.0
1057,-1.024,-0.002,0.001,1653088613.381323,0.6408451557159367,1653088612.740478,20.0
1058,-1.024,-0.002,0.002,1653088613.381323,0.44084515571591965,1653088612.9404778,20.0
1059,-1.024,-0.002,0.002,1653088613.383825,0.2433471202850228,1653088613.140478,20.0
1060,-1.024,-0.002,0.002,1653088613.383825,0.04334712028503418,1653088613.340478,20.0
1061,-1.024,-0.002,0.002,1653088613.563012,0.022533941268903845,1653088613.540478,20.0
1062,-1.0230000000000001,-0.002,0.002,1653088613.775183,0.0347050189971867,1653088613.740478,20.0
1063,-1.024,-0.002,0.002,1653088613.945531,0.005052947998024138,1653088613.9404778,20.0
1064,-1.024,-0.002,0.002,1653088614.146477,0.005999040603626327,1653088614.140478,20.0
1065,-1.0230000000000001,-0.002,0.002,1653088614.350039,0.00956106185913086,1653088614.340478,20.0
1066,-1.024,-0.002,0.002,1653088614.957584,0.4171059608459302,1653088614.540478,20.0
1067,-1.024,-0.002,0.002,1653088614.957584,0.21710596084594158,1653088614.740478,20.0
1068,-1.024,-0.002,0.002,1653088614.960119,0.019641065597511442,1653088614.9404778,20.0
1069,-1.024,-0.002,0.001,1653088615.160575,0.02009696960448082,1653088615.140478,20.0
1070,-1.025,-0.002,0.002,1653088615.363939,0.023461103439331055,1653088615.340478,20.0
1071,-1.025,-0.002,0.002,1653088615.565805,0.02532701492307865,1653088615.540478,20.0
1072,-1.024,-0.002,0.002,1653088615.744572,0.004093980789178886,1653088615.740478,20.0
1073,-1.0230000000000001,-0.002,0.002,1653088615.948919,0.008441114425636442,1653088615.9404778,20.0
1074,-1.024,-0.002,0.002,1653088616.149913,0.009435129165638045,1653088616.140478,20.0
1075,-1.024,-0.002,0.001,1653088616.353567,0.01308894157409668,1653088616.340478,20.0
1076,-1.024,-0.002,0.002,1653088616.556142,0.015664148330671424,1653088616.540478,20.0
1077,-1.024,-0.002,0.002,1653088616.923417,0.18293914794921307,1653088616.740478,20.0
1078,-1.024,-0.002,0.002,1653088616.958419,0.0179411411285173,1653088616.9404778,20.0
1079,-1.024,-0.002,0.001,1653088617.163055,0.022576999664295272,1653088617.140478,20.0
1080,-1.024,-0.002,0.002,1653088617.365667,0.02518916130065918,1653088617.340478,20.0
1081,-1.024,-0.002,0.001,1653088617.965678,0.42520003318784916,1653088617.540478,20.0
1082,-1.024,-0.002,0.002,1653088617.968178,0.2277000904083195,1653088617.740478,20.0
1083,-1.024,-0.002,0.001,1653088617.968178,0.027700090408302458,1653088617.9404778,20.0
1084,-1.024,-0.002,0.002,1653088618.15318,0.012701940536487655,1653088618.140478,20.0
1085,-1.024,-0.002,0.002,1653088618.356418,0.015939950942993164,1653088618.340478,20.0
1086,-1.024,-0.002,0.002,1653088618.558797,0.018318939208967322,1653088618.540478,20.0
1087,-1.024,-0.002,0.002,1653088619.116853,0.37637505531310467,1653088618.740478,20.0
1088,-1.024,-0.002,0.002,1653088619.119353,0.1788751125335466,1653088618.9404778,20.0
1089,-1.024,-0.002,0.002,1653088619.164353,0.023874950408924178,1653088619.140478,20.0
1090,-1.024,-0.002,0.002,1653088619.385643,0.045165061950683594,1653088619.340478,20.0
1091,-1.024,-0.002,0.002,1653088619.547501,0.007023143768293494,1653088619.540478,20.0
1092,-1.024,-0.002,0.002,1653088619.75051,0.010032033920282402,1653088619.740478,20.0
1093,-1.025,-0.002,0.002,1653088620.423632,0.4831539630889665,1653088619.9404778,20.0
1094,-1.024,-0.002,0.002,1653088620.426142,0.28566403388975914,1653088620.140478,20.0
1095,-1.024,-0.002,0.002,1653088620.426142,0.08566403388977051,1653088620.340478,20.0
1096,-1.024,-0.002,0.002,1653088620.558638,0.01816015243528568,1653088620.540478,20.0
1097,-1.024,-0.002,0.002,1653088620.784146,0.04366812705993084,1653088620.740478,20.0
1098,-1.024,-0.002,0.002,1653088620.965597,0.025118970870948942,1653088620.9404778,20.0
1099,-1.024,-0.002,0.002,1653088621.16835,0.027872037887561874,1653088621.140478,20.0
1100,-1.024,-0.002,0.002,1653088622.008623,0.668144941329956,1653088621.340478,20.0
1101,-1.024,-0.002,0.002,1653088622.008623,0.468144941329939,1653088621.540478,20.0
1102,-1.024,-0.002,0.001,1653088622.011157,0.2706790924072209,1653088621.740478,20.0
1103,-1.024,-0.002,0.002,1653088622.011157,0.07067909240720383,1653088621.9404778,20.0
1104,-1.024,-0.002,0.002,1653088622.158617,0.018139076232898788,1653088622.140478,20.0
1105,-1.024,-0.002,0.002,1653088622.359289,0.01881098747253418,1653088622.340478,20.0
1106,-1.024,-0.002,0.002,1653088622.56352,0.023042011260969275,1653088622.540478,20.0
1107,-1.024,-0.002,0.002,1653088622.765256,0.02477798461913494,1653088622.740478,20.0
1108,-1.024,-0.002,0.002,1653088622.968462,0.02798404693601242,1653088622.9404778,20.0
1109,-1.024,-0.002,0.002,1653088623.146958,0.00648016929625328,1653088623.140478,20.0
1110,-1.024,-0.002,0.002,1653088623.351244,0.010766029357910156,1653088623.340478,20.0
1111,-1.024,-0.002,0.002,1653088623.553565,0.013087081909162634,1653088623.540478,20.0
1112,-1.024,-0.002,0.002,1653088623.75408,0.013602113723749198,1653088623.740478,20.0
1113,-1.024,-0.002,0.002,1653088623.95664,0.016162061691261442,1653088623.9404778,20.0
1114,-1.024,-0.002,0.002,1653088624.159564,0.019086074829090194,1653088624.140478,20.0
1115,-1.024,-0.002,0.002,1653088624.363225,0.022747039794921875,1653088624.340478,20.0
1116,-1.025,-0.002,0.001,1653088624.564945,0.024467039108259314,1653088624.540478,20.0
1117,-1.025,-0.002,0.002,1653088624.768469,0.0279911518096867,1653088624.740478,20.0
1118,-1.025,-0.002,0.002,1653088624.948009,0.007531070709205778,1653088624.9404778,20.0
1119,-1.025,-0.001,0.002,1653088625.14924,0.008762073516834334,1653088625.140478,20.0
1120,-1.025,-0.002,0.002,1653088625.353115,0.012637138366699219,1653088625.340478,20.0
1121,-1.024,-0.002,0.002,1653088625.55419,0.01371197700498783,1653088625.540478,20.0
1122,-1.025,-0.002,0.002,1653088625.757382,0.016903972625726738,1653088625.740478,20.0
1123,-1.025,-0.002,0.002,1653088625.960538,0.020059967040992888,1653088625.9404778,20.0
1124,-1.025,-0.002,0.002,1653088626.16333,0.022852134704578475,1653088626.140478,20.0
1125,-1.024,-0.002,0.002,1653088626.36642,0.025942087173461914,1653088626.340478,20.0
1126,-1.024,-0.002,0.001,1653088626.567669,0.027190971374494666,1653088626.540478,20.0
1127,-1.025,-0.002,0.002,1653088626.748017,0.007539129257196464,1653088626.740478,20.0
1128,-1.024,-0.002,0.002,1653088626.95127,0.01079216003415695,1653088626.9404778,20.0
1129,-1.024,-0.002,0.002,1653088627.152407,0.011928987503040389,1653088627.140478,20.0
1130,-1.024,-0.002,0.002,1653088627.35536,0.014882087707519531,1653088627.340478,20.0
1131,-1.024,-0.002,0.001,1653088627.557281,0.016803073883039588,1653088627.540478,20.0
1132,-1.024,-0.002,0.002,1653088627.760679,0.020201063156122245,1653088627.740478,20.0
1133,-1.024,-0.002,0.002,1653088627.96264,0.022162103652931364,1653088627.9404778,20.0
1134,-1.024,-0.002,0.002,1653088628.165914,0.02543611526488121,1653088628.140478,20.0
1135,-1.024,-0.002,0.002,1653088628.367969,0.027491092681884766,1653088628.340478,20.0
1136,-1.025,-0.002,0.001,1653088628.548063,0.007585096359235877,1653088628.540478,20.0
1137,-1.024,-0.002,0.001,1653088628.750744,0.010266160964960136,1653088628.740478,20.0
1138,-1.025,-0.002,0.002,1653088628.952106,0.011628055572487028,1653088628.9404778,20.0
1139,-1.024,-0.002,0.002,1653088629.154067,0.013589096069324569,1653088629.140478,20.0
1140,-1.024,-0.002,0.001,1653088629.358214,0.017735958099365234,1653088629.340478,20.0
1141,-1.024,-0.002,0.002,1653088629.560584,0.020106124877912634,1653088629.540478,20.0
1142,-1.024,-0.002,0.002,1653088629.763274,0.02279601097106365,1653088629.740478,20.0
